Date,Unit,Minimum,Maximum,Average,Market
2013-06-16,Kg,26,32,29.0,Tomato
2013-06-17,Kg,20,25,22.5,Tomato
2013-06-18,Kg,22,26,24.0,Tomato
2013-06-19,Kg,24,28,26.0,Tomato
2013-06-20,Kg,22,26,24.0,Tomato
2013-06-21,Kg,15,20,17.5,Tomato
2013-06-25,Kg,25,30,27.5,Tomato
2013-06-26,Kg,20,25,22.5,Tomato
2013-06-27,Kg,18,24,21.0,Tomato
2013-06-28,Kg,24,28,26.0,Tomato
2013-06-30,Kg,18,22,20.0,Tomato
2013-07-01,Kg,15,20,17.5,Tomato
2013-07-02,Kg,15,20,17.5,Tomato
2013-07-03,Kg,14,18,16.0,Tomato
2013-07-04,Kg,14,18,16.0,Tomato
2013-07-05,Kg,18,24,21.0,Tomato
2013-07-09,Kg,20,25,22.5,Tomato
2013-07-10,Kg,30,35,32.5,Tomato
2013-07-11,Kg,32,38,35.0,Tomato
2013-07-12,Kg,44,48,46.0,Tomato
2013-07-14,Kg,50,55,52.5,Tomato
2013-07-15,Kg,50,55,52.5,Tomato
2013-07-16,Kg,48,52,50.0,Tomato
2013-07-17,Kg,46,52,49.0,Tomato
2013-07-18,Kg,40,45,42.5,Tomato
2013-07-19,Kg,36,40,38.0,Tomato
2013-07-21,Kg,28,32,30.0,Tomato
2013-07-22,Kg,28,32,30.0,Tomato
2013-07-23,Kg,30,35,32.5,Tomato
2013-07-24,Kg,32,36,34.0,Tomato
2013-07-25,Kg,40,45,42.5,Tomato
2013-07-26,Kg,40,45,42.5,Tomato
2013-07-28,Kg,40,45,42.5,Tomato
2013-07-29,Kg,42,46,44.0,Tomato
2013-07-30,Kg,38,42,40.0,Tomato
2013-07-31,Kg,35,40,37.5,Tomato
2013-08-01,Kg,34,38,36.0,Tomato
2013-08-02,Kg,25,35,30.0,Tomato
2013-08-04,Kg,25,30,27.5,Tomato
2013-08-05,Kg,25,30,27.5,Tomato
2013-08-06,Kg,28,34,31.0,Tomato
2013-08-07,Kg,25,30,27.5,Tomato
2013-08-08,Kg,20,25,22.5,Tomato
2013-08-12,Kg,24,28,26.0,Tomato
2013-08-13,Kg,25,30,27.5,Tomato
2013-08-14,Kg,25,30,27.5,Tomato
2013-08-15,Kg,25,32,28.5,Tomato
2013-08-16,Kg,35,40,37.5,Tomato
2013-08-18,Kg,30,35,32.5,Tomato
2013-08-19,Kg,35,40,37.5,Tomato
2013-08-20,Kg,38,42,40.0,Tomato
2013-08-23,Kg,40,44,42.0,Tomato
2013-08-25,Kg,30,35,32.5,Tomato
2013-08-26,Kg,28,32,30.0,Tomato
2013-08-27,Kg,28,32,30.0,Tomato
2013-08-29,Kg,34,38,36.0,Tomato
2013-08-30,Kg,30,35,32.5,Tomato
2013-09-01,Kg,30,35,32.5,Tomato
2013-09-02,Kg,35,40,37.5,Tomato
2013-09-03,Kg,40,45,42.5,Tomato
2013-09-04,Kg,40,45,42.5,Tomato
2013-09-05,Kg,45,50,47.5,Tomato
2013-09-06,Kg,50,55,52.5,Tomato
2013-09-08,Kg,50,56,53.0,Tomato
2013-09-09,Kg,55,60,57.5,Tomato
2013-09-10,Kg,44,50,47.0,Tomato
2013-09-11,Kg,38,42,40.0,Tomato
2013-09-12,Kg,36,42,39.0,Tomato
2013-09-13,Kg,35,40,37.5,Tomato
2013-09-15,Kg,35,40,37.5,Tomato
2013-09-16,Kg,32,38,35.0,Tomato
2013-09-17,Kg,35,40,37.5,Tomato
2013-09-19,Kg,35,40,37.5,Tomato
2013-09-20,Kg,35,40,37.5,Tomato
2013-09-22,Kg,30,35,32.5,Tomato
2013-09-23,Kg,30,35,32.5,Tomato
2013-09-24,Kg,30,35,32.5,Tomato
2013-09-25,Kg,30,31,30.5,Tomato
2013-09-26,Kg,30,35,32.5,Tomato
2013-09-27,Kg,35,40,37.5,Tomato
2013-09-29,Kg,35,40,37.5,Tomato
2013-09-30,Kg,38,42,40.0,Tomato
2013-10-01,Kg,38,42,40.0,Tomato
2013-10-02,Kg,40,45,42.5,Tomato
2013-10-03,Kg,40,45,42.5,Tomato
2013-10-04,Kg,40,45,42.5,Tomato
2013-10-06,Kg,65,75,70.0,Tomato
2013-10-07,Kg,60,70,65.0,Tomato
2013-10-08,Kg,55,60,57.5,Tomato
2013-10-09,Kg,75,80,77.5,Tomato
2013-10-10,Kg,75,80,77.5,Tomato
2013-10-11,Kg,75,80,77.5,Tomato
2013-10-12,Kg,60,70,65.0,Tomato
2013-10-13,Kg,65,75,70.0,Tomato
2013-10-14,Kg,65,75,70.0,Tomato
2013-10-15,Kg,65,70,67.5,Tomato
2013-10-16,Kg,55,65,60.0,Tomato
2013-10-17,Kg,40,50,45.0,Tomato
2013-10-20,Kg,30,35,32.5,Tomato
2013-10-21,Kg,35,40,37.5,Tomato
2013-10-22,Kg,30,35,32.5,Tomato
2013-10-23,Kg,30,35,32.5,Tomato
2013-10-24,Kg,35,40,37.5,Tomato
2013-10-25,Kg,35,45,40.0,Tomato
2013-10-27,Kg,45,50,47.5,Tomato
2013-10-28,Kg,45,50,47.5,Tomato
2013-10-29,Kg,45,55,50.0,Tomato
2013-10-30,Kg,45,50,47.5,Tomato
2013-10-31,Kg,45,50,47.5,Tomato
2013-11-01,Kg,40,50,45.0,Tomato
2013-11-04,Kg,50,55,52.5,Tomato
2013-11-05,Kg,55,64,59.5,Tomato
2013-11-06,Kg,60,70,65.0,Tomato
2013-11-07,Kg,70,80,75.0,Tomato
2013-11-10,Kg,50,60,55.0,Tomato
2013-11-11,Kg,50,60,55.0,Tomato
2013-11-12,Kg,70,80,75.0,Tomato
2013-11-13,Kg,65,75,70.0,Tomato
2013-11-14,Kg,56,65,60.5,Tomato
2013-11-15,Kg,54,60,57.0,Tomato
2013-11-16,Kg,60,70,65.0,Tomato
2013-11-17,Kg,70,75,72.5,Tomato
2013-11-18,Kg,60,70,65.0,Tomato
2013-11-20,Kg,60,70,65.0,Tomato
2013-11-21,Kg,55,65,60.0,Tomato
2013-11-22,Kg,55,60,57.5,Tomato
2013-11-24,Kg,50,60,55.0,Tomato
2013-11-25,Kg,58,62,60.0,Tomato
2013-11-26,Kg,60,70,65.0,Tomato
2013-11-27,Kg,60,70,65.0,Tomato
2013-11-28,Kg,55,60,57.5,Tomato
2013-11-29,Kg,45,55,50.0,Tomato
2013-12-01,Kg,45,50,47.5,Tomato
2013-12-02,Kg,45,50,47.5,Tomato
2013-12-03,Kg,40,50,45.0,Tomato
2013-12-04,Kg,40,45,42.5,Tomato
2013-12-05,Kg,25,30,27.5,Tomato
2013-12-06,Kg,25,30,27.5,Tomato
2013-12-08,Kg,25,30,27.5,Tomato
2013-12-09,Kg,25,30,27.5,Tomato
2013-12-10,Kg,30,35,32.5,Tomato
2013-12-11,Kg,28,32,30.0,Tomato
2013-12-12,Kg,25,30,27.5,Tomato
2013-12-13,Kg,25,30,27.5,Tomato
2013-12-15,Kg,22,28,25.0,Tomato
2013-12-16,Kg,24,28,26.0,Tomato
2013-12-18,Kg,22,28,25.0,Tomato
2013-12-19,Kg,22,28,25.0,Tomato
2013-12-20,Kg,22,26,24.0,Tomato
2013-12-22,Kg,22,28,25.0,Tomato
2013-12-23,Kg,25,30,27.5,Tomato
2013-12-24,Kg,26,32,29.0,Tomato
2013-12-26,Kg,32,38,35.0,Tomato
2013-12-27,Kg,32,38,35.0,Tomato
2013-12-29,Kg,32,36,34.0,Tomato
2013-12-31,Kg,30,35,32.5,Tomato
2014-01-01,Kg,30,35,32.5,Tomato
2014-01-02,Kg,30,35,32.5,Tomato
2014-01-03,Kg,30,35,32.5,Tomato
2014-01-05,Kg,30,35,32.5,Tomato
2014-01-06,Kg,30,35,32.5,Tomato
2014-01-07,Kg,26,32,29.0,Tomato
2014-01-08,Kg,30,35,32.5,Tomato
2014-01-09,Kg,30,35,32.5,Tomato
2014-01-10,Kg,30,35,32.5,Tomato
2014-01-12,Kg,30,35,32.5,Tomato
2014-01-13,Kg,30,35,32.5,Tomato
2014-01-14,Kg,30,35,32.5,Tomato
2014-01-16,Kg,32,36,34.0,Tomato
2014-01-17,Kg,28,34,31.0,Tomato
2014-01-19,Kg,24,28,26.0,Tomato
2014-01-20,Kg,20,25,22.5,Tomato
2014-01-21,Kg,18,25,21.5,Tomato
2014-01-22,Kg,15,20,17.5,Tomato
2014-01-23,Kg,16,22,19.0,Tomato
2014-01-24,Kg,18,25,21.5,Tomato
2014-01-26,Kg,18,20,19.0,Tomato
2014-01-27,Kg,18,22,20.0,Tomato
2014-01-28,Kg,18,24,21.0,Tomato
2014-01-29,Kg,20,25,22.5,Tomato
2014-02-02,Kg,20,25,22.5,Tomato
2014-02-03,Kg,30,35,32.5,Tomato
2014-02-04,Kg,30,35,32.5,Tomato
2014-02-05,Kg,30,35,32.5,Tomato
2014-02-06,Kg,28,34,31.0,Tomato
2014-02-07,Kg,30,35,32.5,Tomato
2014-02-08,Kg,32,36,34.0,Tomato
2014-02-09,Kg,30,35,32.5,Tomato
2014-02-10,Kg,25,30,27.5,Tomato
2014-02-11,Kg,25,30,27.5,Tomato
2014-02-12,Kg,25,30,27.5,Tomato
2014-02-13,Kg,24,28,26.0,Tomato
2014-02-14,Kg,25,30,27.5,Tomato
2014-02-16,Kg,25,32,28.5,Tomato
2014-02-17,Kg,28,32,30.0,Tomato
2014-02-18,Kg,30,35,32.5,Tomato
2014-02-20,Kg,34,38,36.0,Tomato
2014-02-21,Kg,28,35,31.5,Tomato
2014-02-23,Kg,25,30,27.5,Tomato
2014-02-24,Kg,32,36,34.0,Tomato
2014-02-25,Kg,30,35,32.5,Tomato
2014-02-26,Kg,28,34,31.0,Tomato
2014-02-28,Kg,32,38,35.0,Tomato
2014-03-03,Kg,50,60,55.0,Tomato
2014-03-05,Kg,45,52,48.5,Tomato
2014-03-06,Kg,45,50,47.5,Tomato
2014-03-07,Kg,45,50,47.5,Tomato
2014-03-09,Kg,45,50,47.5,Tomato
2014-03-10,Kg,40,45,42.5,Tomato
2014-03-11,Kg,45,50,47.5,Tomato
2014-03-12,Kg,45,50,47.5,Tomato
2014-03-13,Kg,52,58,55.0,Tomato
2014-03-14,Kg,52,58,55.0,Tomato
2014-03-17,Kg,50,55,52.5,Tomato
2014-03-18,Kg,30,36,33.0,Tomato
2014-03-19,Kg,35,40,37.5,Tomato
2014-03-20,Kg,40,45,42.5,Tomato
2014-03-21,Kg,35,40,37.5,Tomato
2014-03-23,Kg,25,30,27.5,Tomato
2014-03-24,Kg,30,35,32.5,Tomato
2014-03-25,Kg,35,40,37.5,Tomato
2014-03-26,Kg,42,48,45.0,Tomato
2014-03-27,Kg,40,45,42.5,Tomato
2014-03-28,Kg,40,45,42.5,Tomato
2014-03-31,Kg,35,45,40.0,Tomato
2014-04-01,Kg,34,40,37.0,Tomato
2014-04-02,Kg,36,45,40.5,Tomato
2014-04-03,Kg,38,45,41.5,Tomato
2014-04-04,Kg,38,45,41.5,Tomato
2014-04-06,Kg,40,46,43.0,Tomato
2014-04-07,Kg,40,45,42.5,Tomato
2014-04-09,Kg,38,42,40.0,Tomato
2014-04-10,Kg,30,40,35.0,Tomato
2014-04-11,Kg,40,45,42.5,Tomato
2014-04-13,Kg,45,50,47.5,Tomato
2014-04-15,Kg,40,45,42.5,Tomato
2014-04-16,Kg,38,42,40.0,Tomato
2014-04-17,Kg,35,40,37.5,Tomato
2014-04-18,Kg,34,36,35.0,Tomato
2014-04-20,Kg,35,40,37.5,Tomato
2014-04-21,Kg,30,35,32.5,Tomato
2014-04-22,Kg,35,40,37.5,Tomato
2014-04-23,Kg,32,36,34.0,Tomato
2014-04-25,Kg,30,35,32.5,Tomato
2014-04-27,Kg,32,36,34.0,Tomato
2014-04-28,Kg,32,36,34.0,Tomato
2014-04-29,Kg,28,32,30.0,Tomato
2014-04-30,Kg,30,35,32.5,Tomato
2014-05-02,Kg,28,32,30.0,Tomato
2014-05-04,Kg,25,30,27.5,Tomato
2014-05-05,Kg,18,24,21.0,Tomato
2014-05-06,Kg,15,20,17.5,Tomato
2014-05-07,Kg,12,15,13.5,Tomato
2014-05-08,Kg,14,18,16.0,Tomato
2014-05-09,Kg,15,20,17.5,Tomato
2014-05-11,Kg,15,20,17.5,Tomato
2014-05-12,Kg,24,28,26.0,Tomato
2014-05-13,Kg,24,28,26.0,Tomato
2014-05-15,Kg,20,25,22.5,Tomato
2014-05-16,Kg,30,35,32.5,Tomato
2014-05-18,Kg,25,30,27.5,Tomato
2014-05-19,Kg,22,26,24.0,Tomato
2014-05-20,Kg,20,25,22.5,Tomato
2014-05-21,Kg,15,20,17.5,Tomato
2014-05-22,Kg,14,18,16.0,Tomato
2014-05-23,Kg,15,20,17.5,Tomato
2014-05-25,Kg,16,22,19.0,Tomato
2014-05-26,Kg,20,25,22.5,Tomato
2014-05-27,Kg,20,25,22.5,Tomato
2014-05-28,Kg,24,28,26.0,Tomato
2014-05-30,Kg,20,25,22.5,Tomato
2014-06-01,Kg,25,30,27.5,Tomato
2014-06-02,Kg,28,32,30.0,Tomato
2014-06-03,Kg,30,35,32.5,Tomato
2014-06-04,Kg,35,40,37.5,Tomato
2014-06-05,Kg,44,48,46.0,Tomato
2014-06-06,Kg,40,45,42.5,Tomato
2014-06-08,Kg,40,45,42.5,Tomato
2014-06-09,Kg,35,40,37.5,Tomato
2014-06-10,Kg,30,36,33.0,Tomato
2014-06-11,Kg,26,32,29.0,Tomato
2014-06-12,Kg,24,30,27.0,Tomato
2014-06-13,Kg,25,30,27.5,Tomato
2014-06-15,Kg,22,26,24.0,Tomato
2014-06-16,Kg,18,22,20.0,Tomato
2014-06-17,Kg,18,22,20.0,Tomato
2014-06-18,Kg,15,20,17.5,Tomato
2014-06-19,Kg,14,18,16.0,Tomato
2014-06-20,Kg,14,20,17.0,Tomato
2014-06-23,Kg,18,20,19.0,Tomato
2014-06-24,Kg,14,18,16.0,Tomato
2014-06-25,Kg,18,22,20.0,Tomato
2014-06-26,Kg,18,24,21.0,Tomato
2014-06-27,Kg,22,28,25.0,Tomato
2014-06-29,Kg,20,25,22.5,Tomato
2014-06-30,Kg,16,20,18.0,Tomato
2014-07-01,Kg,16,20,18.0,Tomato
2014-07-02,Kg,14,18,16.0,Tomato
2014-07-03,Kg,15,20,17.5,Tomato
2014-07-04,Kg,14,18,16.0,Tomato
2014-07-05,Kg,14,18,16.0,Tomato
2014-07-06,Kg,14,16,15.0,Tomato
2014-07-07,Kg,14,18,16.0,Tomato
2014-07-08,Kg,12,16,14.0,Tomato
2014-07-09,Kg,12,16,14.0,Tomato
2014-07-10,Kg,12,16,14.0,Tomato
2014-07-11,Kg,12,16,14.0,Tomato
2014-07-12,Kg,10,14,12.0,Tomato
2014-07-13,Kg,12,18,15.0,Tomato
2014-07-14,Kg,10,15,12.5,Tomato
2014-07-15,Kg,10,15,12.5,Tomato
2014-07-16,Kg,10,15,12.5,Tomato
2014-07-17,Kg,12,15,13.5,Tomato
2014-07-18,Kg,15,20,17.5,Tomato
2014-07-19,Kg,15,20,17.5,Tomato
2014-07-20,Kg,18,20,19.0,Tomato
2014-07-21,Kg,15,20,17.5,Tomato
2014-07-22,Kg,15,20,17.5,Tomato
2014-07-23,Kg,15,20,17.5,Tomato
2014-07-24,Kg,25,28,26.5,Tomato
2014-07-25,Kg,28,30,29.0,Tomato
2014-07-26,Kg,35,40,37.5,Tomato
2014-07-27,Kg,35,40,37.5,Tomato
2014-07-28,Kg,34,38,36.0,Tomato
2014-07-29,Kg,32,36,34.0,Tomato
2014-07-30,Kg,30,35,32.5,Tomato
2014-07-31,Kg,34,36,35.0,Tomato
2014-08-01,Kg,32,36,34.0,Tomato
2014-08-02,Kg,32,36,34.0,Tomato
2014-08-03,Kg,30,34,32.0,Tomato
2014-08-04,Kg,28,34,31.0,Tomato
2014-08-05,Kg,28,32,30.0,Tomato
2014-08-06,Kg,28,32,30.0,Tomato
2014-08-07,Kg,30,34,32.0,Tomato
2014-08-08,Kg,24,28,26.0,Tomato
2014-08-09,Kg,24,28,26.0,Tomato
2014-08-10,Kg,22,26,24.0,Tomato
2014-08-11,Kg,26,30,28.0,Tomato
2014-08-12,Kg,24,28,26.0,Tomato
2014-08-13,Kg,25,28,26.5,Tomato
2014-08-14,Kg,25,28,26.5,Tomato
2014-08-15,Kg,28,32,30.0,Tomato
2014-08-16,Kg,32,36,34.0,Tomato
2014-08-17,Kg,30,34,32.0,Tomato
2014-08-18,Kg,34,38,36.0,Tomato
2014-08-19,Kg,35,40,37.5,Tomato
2014-08-20,Kg,42,46,44.0,Tomato
2014-08-21,Kg,50,55,52.5,Tomato
2014-08-22,Kg,50,55,52.5,Tomato
2014-08-23,Kg,44,48,46.0,Tomato
2014-08-24,Kg,50,55,52.5,Tomato
2014-08-25,Kg,52,56,54.0,Tomato
2014-08-26,Kg,60,65,62.5,Tomato
2014-08-27,Kg,58,64,61.0,Tomato
2014-08-28,Kg,52,56,54.0,Tomato
2014-08-29,Kg,54,58,56.0,Tomato
2014-08-31,Kg,40,55,47.5,Tomato
2014-09-01,Kg,38,44,41.0,Tomato
2014-09-02,Kg,38,42,40.0,Tomato
2014-09-03,Kg,36,42,39.0,Tomato
2014-09-04,Kg,35,40,37.5,Tomato
2014-09-05,Kg,28,35,31.5,Tomato
2014-09-06,Kg,28,34,31.0,Tomato
2014-09-07,Kg,22,30,26.0,Tomato
2014-09-08,Kg,25,30,27.5,Tomato
2014-09-09,Kg,22,28,25.0,Tomato
2014-09-10,Kg,22,26,24.0,Tomato
2014-09-11,Kg,25,30,27.5,Tomato
2014-09-12,Kg,28,32,30.0,Tomato
2014-09-13,Kg,25,28,26.5,Tomato
2014-09-14,Kg,30,35,32.5,Tomato
2014-09-15,Kg,46,52,49.0,Tomato
2014-09-16,Kg,46,52,49.0,Tomato
2014-09-17,Kg,45,50,47.5,Tomato
2014-09-18,Kg,46,52,49.0,Tomato
2014-09-19,Kg,50,60,55.0,Tomato
2014-09-20,Kg,55,65,60.0,Tomato
2014-09-21,Kg,60,75,67.5,Tomato
2014-09-22,Kg,55,60,57.5,Tomato
2014-09-23,Kg,50,55,52.5,Tomato
2014-09-24,Kg,50,60,55.0,Tomato
2014-09-26,Kg,42,48,45.0,Tomato
2014-09-28,Kg,44,49,46.5,Tomato
2014-09-29,Kg,50,55,52.5,Tomato
2014-09-30,Kg,55,65,60.0,Tomato
2014-10-08,Kg,30,35,32.5,Tomato
2014-10-09,Kg,28,35,31.5,Tomato
2014-10-10,Kg,30,36,33.0,Tomato
2014-10-12,Kg,32,36,34.0,Tomato
2014-10-13,Kg,35,40,37.5,Tomato
2014-10-14,Kg,48,55,51.5,Tomato
2014-10-15,Kg,60,65,62.5,Tomato
2014-10-16,Kg,55,65,60.0,Tomato
2014-10-17,Kg,55,65,60.0,Tomato
2014-10-19,Kg,45,50,47.5,Tomato
2014-10-20,Kg,45,50,47.5,Tomato
2014-10-21,Kg,50,55,52.5,Tomato
2014-10-22,Kg,55,60,57.5,Tomato
2014-10-23,Kg,50,58,54.0,Tomato
2014-10-24,Kg,42,58,50.0,Tomato
2014-10-25,Kg,36,58,47.0,Tomato
2014-10-26,Kg,25,30,27.5,Tomato
2014-10-27,Kg,30,35,32.5,Tomato
2014-10-28,Kg,35,40,37.5,Tomato
2014-10-29,Kg,25,30,27.5,Tomato
2014-10-30,Kg,24,28,26.0,Tomato
2014-10-31,Kg,28,34,31.0,Tomato
2014-11-01,Kg,28,32,30.0,Tomato
2014-11-02,Kg,26,30,28.0,Tomato
2014-11-03,Kg,28,32,30.0,Tomato
2014-11-04,Kg,30,36,33.0,Tomato
2014-11-05,Kg,30,35,32.5,Tomato
2014-11-06,Kg,28,34,31.0,Tomato
2014-11-07,Kg,30,35,32.5,Tomato
2014-11-08,Kg,30,35,32.5,Tomato
2014-11-09,Kg,28,34,31.0,Tomato
2014-11-10,Kg,22,28,25.0,Tomato
2014-11-11,Kg,24,28,26.0,Tomato
2014-11-12,Kg,18,24,21.0,Tomato
2014-11-13,Kg,18,22,20.0,Tomato
2014-11-14,Kg,18,22,20.0,Tomato
2014-11-15,Kg,18,22,20.0,Tomato
2014-11-16,Kg,18,22,20.0,Tomato
2014-11-17,Kg,16,20,18.0,Tomato
2014-11-18,Kg,15,20,17.5,Tomato
2014-11-19,Kg,18,20,19.0,Tomato
2014-11-20,Kg,15,20,17.5,Tomato
2014-11-21,Kg,16,20,18.0,Tomato
2014-11-22,Kg,20,24,22.0,Tomato
2014-11-23,Kg,20,26,23.0,Tomato
2014-11-24,Kg,18,25,21.5,Tomato
2014-11-25,Kg,20,25,22.5,Tomato
2014-11-26,Kg,25,30,27.5,Tomato
2014-11-27,Kg,28,35,31.5,Tomato
2014-11-28,Kg,28,32,30.0,Tomato
2014-11-29,Kg,28,32,30.0,Tomato
2014-11-30,Kg,28,35,31.5,Tomato
2014-12-01,Kg,22,28,25.0,Tomato
2014-12-02,Kg,25,30,27.5,Tomato
2014-12-03,Kg,25,30,27.5,Tomato
2014-12-04,Kg,28,30,29.0,Tomato
2014-12-05,Kg,28,32,30.0,Tomato
2014-12-06,Kg,30,34,32.0,Tomato
2014-12-07,Kg,30,34,32.0,Tomato
2014-12-08,Kg,30,35,32.5,Tomato
2014-12-09,Kg,32,35,33.5,Tomato
2014-12-10,Kg,30,34,32.0,Tomato
2014-12-11,Kg,25,30,27.5,Tomato
2014-12-12,Kg,22,26,24.0,Tomato
2014-12-13,Kg,18,22,20.0,Tomato
2014-12-14,Kg,17,22,19.5,Tomato
2014-12-15,Kg,22,28,25.0,Tomato
2014-12-16,Kg,24,30,27.0,Tomato
2014-12-17,Kg,32,36,34.0,Tomato
2014-12-18,Kg,34,40,37.0,Tomato
2014-12-19,Kg,30,35,32.5,Tomato
2014-12-21,Kg,25,30,27.5,Tomato
2014-12-22,Kg,25,35,30.0,Tomato
2014-12-23,Kg,40,45,42.5,Tomato
2014-12-24,Kg,35,45,40.0,Tomato
2014-12-25,Kg,35,45,40.0,Tomato
2014-12-26,Kg,38,44,41.0,Tomato
2014-12-27,Kg,40,45,42.5,Tomato
2014-12-28,Kg,35,40,37.5,Tomato
2014-12-29,Kg,40,45,42.5,Tomato
2014-12-30,Kg,40,45,42.5,Tomato
2014-12-31,Kg,34,38,36.0,Tomato
2015-01-01,Kg,32,36,34.0,Tomato
2015-01-02,Kg,35,40,37.5,Tomato
2015-01-03,Kg,40,45,42.5,Tomato
2015-01-04,Kg,30,36,33.0,Tomato
2015-01-05,Kg,30,40,35.0,Tomato
2015-01-06,Kg,30,36,33.0,Tomato
2015-01-07,Kg,25,30,27.5,Tomato
2015-01-08,Kg,25,30,27.5,Tomato
2015-01-09,Kg,16,22,19.0,Tomato
2015-01-11,Kg,20,25,22.5,Tomato
2015-01-12,Kg,18,22,20.0,Tomato
2015-01-13,Kg,20,25,22.5,Tomato
2015-01-14,Kg,20,25,22.5,Tomato
2015-01-15,Kg,25,30,27.5,Tomato
2015-01-16,Kg,28,32,30.0,Tomato
2015-01-17,Kg,25,30,27.5,Tomato
2015-01-18,Kg,26,30,28.0,Tomato
2015-01-19,Kg,25,30,27.5,Tomato
2015-01-20,Kg,25,30,27.5,Tomato
2015-01-21,Kg,25,30,27.5,Tomato
2015-01-22,Kg,25,30,27.5,Tomato
2015-01-23,Kg,25,30,27.5,Tomato
2015-01-25,Kg,22,24,23.0,Tomato
2015-01-26,Kg,22,28,25.0,Tomato
2015-01-27,Kg,20,22,21.0,Tomato
2015-01-28,Kg,16,20,18.0,Tomato
2015-01-29,Kg,15,20,17.5,Tomato
2015-01-31,Kg,15,20,17.5,Tomato
2015-02-01,Kg,14,18,16.0,Tomato
2015-02-02,Kg,15,20,17.5,Tomato
2015-02-03,Kg,18,22,20.0,Tomato
2015-02-04,Kg,14,18,16.0,Tomato
2015-02-05,Kg,14,18,16.0,Tomato
2015-02-06,Kg,14,18,16.0,Tomato
2015-02-07,Kg,16,20,18.0,Tomato
2015-02-08,Kg,16,20,18.0,Tomato
2015-02-09,Kg,15,20,17.5,Tomato
2015-02-10,Kg,16,20,18.0,Tomato
2015-02-11,Kg,15,20,17.5,Tomato
2015-02-12,Kg,15,18,16.5,Tomato
2015-02-13,Kg,16,20,18.0,Tomato
2015-02-14,Kg,15,18,16.5,Tomato
2015-02-15,Kg,15,18,16.5,Tomato
2015-02-16,Kg,15,20,17.5,Tomato
2015-02-18,Kg,12,16,14.0,Tomato
2015-02-19,Kg,12,18,15.0,Tomato
2015-02-20,Kg,12,16,14.0,Tomato
2015-02-22,Kg,14,18,16.0,Tomato
2015-02-23,Kg,14,18,16.0,Tomato
2015-02-24,Kg,12,16,14.0,Tomato
2015-02-25,Kg,14,18,16.0,Tomato
2015-02-26,Kg,12,16,14.0,Tomato
2015-02-27,Kg,12,18,15.0,Tomato
2015-03-01,Kg,16,20,18.0,Tomato
2015-03-02,Kg,16,20,18.0,Tomato
2015-03-03,Kg,18,22,20.0,Tomato
2015-03-06,Kg,18,24,21.0,Tomato
2015-03-09,Kg,16,20,18.0,Tomato
2015-03-10,Kg,16,20,18.0,Tomato
2015-03-11,Kg,38,40,39.0,Tomato
2015-03-12,Kg,30,36,33.0,Tomato
2015-03-13,Kg,30,36,33.0,Tomato
2015-03-14,Kg,30,35,32.5,Tomato
2015-03-15,Kg,30,35,32.5,Tomato
2015-03-16,Kg,40,44,42.0,Tomato
2015-03-17,Kg,40,45,42.5,Tomato
2015-03-18,Kg,40,45,42.5,Tomato
2015-03-19,Kg,50,60,55.0,Tomato
2015-03-20,Kg,50,60,55.0,Tomato
2015-03-21,Kg,50,60,55.0,Tomato
2015-03-22,Kg,50,60,55.0,Tomato
2015-03-23,Kg,50,55,52.5,Tomato
2015-03-24,Kg,50,55,52.5,Tomato
2015-03-25,Kg,45,50,47.5,Tomato
2015-03-26,Kg,40,50,45.0,Tomato
2015-03-27,Kg,50,60,55.0,Tomato
2015-03-28,Kg,50,55,52.5,Tomato
2015-03-29,Kg,50,52,51.0,Tomato
2015-03-30,Kg,50,55,52.5,Tomato
2015-03-31,Kg,35,40,37.5,Tomato
2015-04-01,Kg,28,30,29.0,Tomato
2015-04-02,Kg,34,36,35.0,Tomato
2015-04-03,Kg,30,35,32.5,Tomato
2015-04-04,Kg,30,35,32.5,Tomato
2015-04-05,Kg,30,35,32.5,Tomato
2015-04-06,Kg,28,32,30.0,Tomato
2015-04-07,Kg,25,30,27.5,Tomato
2015-04-08,Kg,30,35,32.5,Tomato
2015-04-10,Kg,40,45,42.5,Tomato
2015-04-12,Kg,35,40,37.5,Tomato
2015-04-13,Kg,32,35,33.5,Tomato
2015-04-14,Kg,35,40,37.5,Tomato
2015-04-15,Kg,30,35,32.5,Tomato
2015-04-16,Kg,30,35,32.5,Tomato
2015-04-17,Kg,30,35,32.5,Tomato
2015-04-18,Kg,30,35,32.5,Tomato
2015-04-19,Kg,30,35,32.5,Tomato
2015-04-20,Kg,20,25,22.5,Tomato
2015-04-21,Kg,30,35,32.5,Tomato
2015-04-22,Kg,25,30,27.5,Tomato
2015-04-23,Kg,30,35,32.5,Tomato
2015-04-24,Kg,50,55,52.5,Tomato
2015-04-25,Kg,50,60,55.0,Tomato
2015-04-26,Kg,35,40,37.5,Tomato
2015-04-27,Kg,35,35,35.0,Tomato
2015-04-28,Kg,50,55,52.5,Tomato
2015-04-29,Kg,55,60,57.5,Tomato
2015-04-30,Kg,30,35,32.5,Tomato
2015-05-01,Kg,30,35,32.5,Tomato
2015-05-02,Kg,25,30,27.5,Tomato
2015-05-03,Kg,12,15,13.5,Tomato
2015-05-04,Kg,30,35,32.5,Tomato
2015-05-05,Kg,45,50,47.5,Tomato
2015-05-06,Kg,60,65,62.5,Tomato
2015-05-07,Kg,55,60,57.5,Tomato
2015-05-08,Kg,50,60,55.0,Tomato
2015-05-10,Kg,50,55,52.5,Tomato
2015-05-11,Kg,50,52,51.0,Tomato
2015-05-12,Kg,40,45,42.5,Tomato
2015-05-13,Kg,35,40,37.5,Tomato
2015-05-14,Kg,35,40,37.5,Tomato
2015-05-15,Kg,30,40,35.0,Tomato
2015-05-16,Kg,30,36,33.0,Tomato
2015-05-17,Kg,30,35,32.5,Tomato
2015-05-18,Kg,30,35,32.5,Tomato
2015-05-19,Kg,30,35,32.5,Tomato
2015-05-20,Kg,35,40,37.5,Tomato
2015-05-21,Kg,35,40,37.5,Tomato
2015-05-22,Kg,60,65,62.5,Tomato
2015-05-23,Kg,65,75,70.0,Tomato
2015-05-24,Kg,70,75,72.5,Tomato
2015-05-25,Kg,70,75,72.5,Tomato
2015-05-26,Kg,70,75,72.5,Tomato
2015-05-27,Kg,70,75,72.5,Tomato
2015-05-28,Kg,70,75,72.5,Tomato
2015-05-29,Kg,70,75,72.5,Tomato
2015-05-30,Kg,70,80,75.0,Tomato
2015-05-31,Kg,60,65,62.5,Tomato
2015-06-01,Kg,50,55,52.5,Tomato
2015-06-02,Kg,50,55,52.5,Tomato
2015-06-03,Kg,55,60,57.5,Tomato
2015-06-04,Kg,55,60,57.5,Tomato
2015-06-05,Kg,55,60,57.5,Tomato
2015-06-06,Kg,55,70,62.5,Tomato
2015-06-07,Kg,40,45,42.5,Tomato
2015-06-08,Kg,45,50,47.5,Tomato
2015-06-09,Kg,45,50,47.5,Tomato
2015-06-10,Kg,40,45,42.5,Tomato
2015-06-11,Kg,50,55,52.5,Tomato
2015-06-12,Kg,45,50,47.5,Tomato
2015-06-13,Kg,45,55,50.0,Tomato
2015-06-14,Kg,50,55,52.5,Tomato
2015-06-15,Kg,38,43,40.5,Tomato
2015-06-16,Kg,30,36,33.0,Tomato
2015-06-17,Kg,38,40,39.0,Tomato
2015-06-18,Kg,35,40,37.5,Tomato
2015-06-19,Kg,35,40,37.5,Tomato
2015-06-20,Kg,30,40,35.0,Tomato
2015-06-21,Kg,35,40,37.5,Tomato
2015-06-22,Kg,30,35,32.5,Tomato
2015-06-23,Kg,34,38,36.0,Tomato
2015-06-24,Kg,40,45,42.5,Tomato
2015-06-25,Kg,35,43,39.0,Tomato
2015-06-26,Kg,35,40,37.5,Tomato
2015-06-27,Kg,30,50,40.0,Tomato
2015-06-28,Kg,40,45,42.5,Tomato
2015-06-29,Kg,40,50,45.0,Tomato
2015-06-30,Kg,40,50,45.0,Tomato
2015-07-01,Kg,40,50,45.0,Tomato
2015-07-02,Kg,40,50,45.0,Tomato
2015-07-03,Kg,35,40,37.5,Tomato
2015-07-04,Kg,30,42,36.0,Tomato
2015-07-05,Kg,40,50,45.0,Tomato
2015-07-06,Kg,40,50,45.0,Tomato
2015-07-07,Kg,50,60,55.0,Tomato
2015-07-08,Kg,50,60,55.0,Tomato
2015-07-09,Kg,50,60,55.0,Tomato
2015-07-10,Kg,50,60,55.0,Tomato
2015-07-11,Kg,50,60,55.0,Tomato
2015-07-12,Kg,60,70,65.0,Tomato
2015-07-13,Kg,60,70,65.0,Tomato
2015-07-14,Kg,60,70,65.0,Tomato
2015-07-15,Kg,50,60,55.0,Tomato
2015-07-16,Kg,50,60,55.0,Tomato
2015-07-17,Kg,50,60,55.0,Tomato
2015-07-18,Kg,50,60,55.0,Tomato
2015-07-19,Kg,50,60,55.0,Tomato
2015-07-20,Kg,50,60,55.0,Tomato
2015-07-21,Kg,60,70,65.0,Tomato
2015-07-22,Kg,50,60,55.0,Tomato
2015-07-23,Kg,50,60,55.0,Tomato
2015-07-24,Kg,50,60,55.0,Tomato
2015-07-25,Kg,40,50,45.0,Tomato
2015-07-26,Kg,40,50,45.0,Tomato
2015-07-27,Kg,40,50,45.0,Tomato
2015-07-28,Kg,40,50,45.0,Tomato
2015-07-29,Kg,45,55,50.0,Tomato
2015-07-30,Kg,45,55,50.0,Tomato
2015-07-31,Kg,45,55,50.0,Tomato
2015-08-01,Kg,45,54,49.5,Tomato
2015-08-02,Kg,50,60,55.0,Tomato
2015-08-03,Kg,50,60,55.0,Tomato
2015-08-04,Kg,50,60,55.0,Tomato
2015-08-05,Kg,50,60,55.0,Tomato
2015-08-06,Kg,60,70,65.0,Tomato
2015-08-07,Kg,60,68,64.0,Tomato
2015-08-08,Kg,68,80,74.0,Tomato
2015-08-09,Kg,70,80,75.0,Tomato
2015-08-10,Kg,70,75,72.5,Tomato
2015-08-11,Kg,60,70,65.0,Tomato
2015-08-12,Kg,60,70,65.0,Tomato
2015-08-13,Kg,50,60,55.0,Tomato
2015-08-14,Kg,45,55,50.0,Tomato
2015-08-15,Kg,44,50,47.0,Tomato
2015-08-16,Kg,40,50,45.0,Tomato
2015-08-17,Kg,40,50,45.0,Tomato
2015-08-18,Kg,40,50,45.0,Tomato
2015-08-19,Kg,35,45,40.0,Tomato
2015-08-20,Kg,35,40,37.5,Tomato
2015-08-21,Kg,35,40,37.5,Tomato
2015-08-22,Kg,30,40,35.0,Tomato
2015-08-23,Kg,35,40,37.5,Tomato
2015-08-24,Kg,35,40,37.5,Tomato
2015-08-25,Kg,40,50,45.0,Tomato
2015-08-26,Kg,40,50,45.0,Tomato
2015-08-27,Kg,50,60,55.0,Tomato
2015-08-28,Kg,55,60,57.5,Tomato
2015-08-29,Kg,50,55,52.5,Tomato
2015-08-30,Kg,45,50,47.5,Tomato
2015-08-31,Kg,40,45,42.5,Tomato
2015-09-01,Kg,35,40,37.5,Tomato
2015-09-02,Kg,30,40,35.0,Tomato
2015-09-03,Kg,30,40,35.0,Tomato
2015-09-04,Kg,30,35,32.5,Tomato
2015-09-05,Kg,28,30,29.0,Tomato
2015-09-06,Kg,30,35,32.5,Tomato
2015-09-07,Kg,28,35,31.5,Tomato
2015-09-08,Kg,28,35,31.5,Tomato
2015-09-09,Kg,25,30,27.5,Tomato
2015-09-10,Kg,25,30,27.5,Tomato
2015-09-11,Kg,25,30,27.5,Tomato
2015-09-12,Kg,24,28,26.0,Tomato
2015-09-13,Kg,30,40,35.0,Tomato
2015-09-14,Kg,35,45,40.0,Tomato
2015-09-15,Kg,28,35,31.5,Tomato
2015-09-16,Kg,25,35,30.0,Tomato
2015-09-17,Kg,25,30,27.5,Tomato
2015-09-18,Kg,25,35,30.0,Tomato
2015-09-19,Kg,20,26,23.0,Tomato
2015-09-20,Kg,25,30,27.5,Tomato
2015-09-21,Kg,15,25,20.0,Tomato
2015-09-22,Kg,20,25,22.5,Tomato
2015-09-23,Kg,25,35,30.0,Tomato
2015-09-24,Kg,20,30,25.0,Tomato
2015-09-25,Kg,20,30,25.0,Tomato
2015-09-26,Kg,18,26,22.0,Tomato
2015-09-27,Kg,25,30,27.5,Tomato
2015-09-28,Kg,20,30,25.0,Tomato
2015-09-29,Kg,20,25,22.5,Tomato
2015-09-30,Kg,20,30,25.0,Tomato
2015-10-01,Kg,20,30,25.0,Tomato
2015-10-02,Kg,20,25,22.5,Tomato
2015-10-03,Kg,16,24,20.0,Tomato
2015-10-04,Kg,20,25,22.5,Tomato
2015-10-05,Kg,15,20,17.5,Tomato
2015-10-06,Kg,15,20,17.5,Tomato
2015-10-07,Kg,20,25,22.5,Tomato
2015-10-08,Kg,20,25,22.5,Tomato
2015-10-09,Kg,20,25,22.5,Tomato
2015-10-10,Kg,18,25,21.5,Tomato
2015-10-11,Kg,20,25,22.5,Tomato
2015-10-12,Kg,20,30,25.0,Tomato
2015-10-13,Kg,20,25,22.5,Tomato
2015-10-14,Kg,15,25,20.0,Tomato
2015-10-15,Kg,15,25,20.0,Tomato
2015-10-16,Kg,15,25,20.0,Tomato
2015-10-17,Kg,12,16,14.0,Tomato
2015-10-18,Kg,15,20,17.5,Tomato
2015-10-19,Kg,15,25,20.0,Tomato
2015-10-20,Kg,15,20,17.5,Tomato
2015-10-21,Kg,20,30,25.0,Tomato
2015-10-22,Kg,40,50,45.0,Tomato
2015-10-23,Kg,50,60,55.0,Tomato
2015-10-24,Kg,30,35,32.5,Tomato
2015-10-25,Kg,20,30,25.0,Tomato
2015-10-26,Kg,20,25,22.5,Tomato
2015-10-27,Kg,15,20,17.5,Tomato
2015-10-28,Kg,10,20,15.0,Tomato
2015-10-29,Kg,10,20,15.0,Tomato
2015-10-30,Kg,40,50,45.0,Tomato
2015-10-31,Kg,24,35,29.5,Tomato
2015-11-01,Kg,20,30,25.0,Tomato
2015-11-02,Kg,20,30,25.0,Tomato
2015-11-03,Kg,25,30,27.5,Tomato
2015-11-04,Kg,40,45,42.5,Tomato
2015-11-05,Kg,40,50,45.0,Tomato
2015-11-06,Kg,40,50,45.0,Tomato
2015-11-07,Kg,44,55,49.5,Tomato
2015-11-08,Kg,60,70,65.0,Tomato
2015-11-09,Kg,50,60,55.0,Tomato
2015-11-10,Kg,50,60,55.0,Tomato
2015-11-11,Kg,60,70,65.0,Tomato
2015-11-12,Kg,50,60,55.0,Tomato
2015-11-13,Kg,55,60,57.5,Tomato
2015-11-14,Kg,56,68,62.0,Tomato
2015-11-15,Kg,90,100,95.0,Tomato
2015-11-16,Kg,55,65,60.0,Tomato
2015-11-17,Kg,45,55,50.0,Tomato
2015-11-18,Kg,30,40,35.0,Tomato
2015-11-19,Kg,35,45,40.0,Tomato
2015-11-20,Kg,50,60,55.0,Tomato
2015-11-21,Kg,50,56,53.0,Tomato
2015-11-22,Kg,60,70,65.0,Tomato
2015-11-23,Kg,70,75,72.5,Tomato
2015-11-24,Kg,50,60,55.0,Tomato
2015-11-25,Kg,60,70,65.0,Tomato
2015-11-26,Kg,60,70,65.0,Tomato
2015-11-27,Kg,60,70,65.0,Tomato
2015-11-28,Kg,55,65,60.0,Tomato
2015-11-29,Kg,50,65,57.5,Tomato
2015-11-30,Kg,50,60,55.0,Tomato
2015-12-01,Kg,50,60,55.0,Tomato
2015-12-02,Kg,50,60,55.0,Tomato
2015-12-03,Kg,50,60,55.0,Tomato
2015-12-04,Kg,45,50,47.5,Tomato
2015-12-05,Kg,42,52,47.0,Tomato
2015-12-06,Kg,40,50,45.0,Tomato
2015-12-07,Kg,45,55,50.0,Tomato
2015-12-08,Kg,40,50,45.0,Tomato
2015-12-09,Kg,50,55,52.5,Tomato
2015-12-10,Kg,45,50,47.5,Tomato
2015-12-11,Kg,45,50,47.5,Tomato
2015-12-12,Kg,45,58,51.5,Tomato
2015-12-13,Kg,45,50,47.5,Tomato
2015-12-14,Kg,45,50,47.5,Tomato
2015-12-15,Kg,45,55,50.0,Tomato
2015-12-16,Kg,45,50,47.5,Tomato
2015-12-17,Kg,40,50,45.0,Tomato
2015-12-18,Kg,40,50,45.0,Tomato
2015-12-19,Kg,35,45,40.0,Tomato
2015-12-20,Kg,40,50,45.0,Tomato
2015-12-21,Kg,40,50,45.0,Tomato
2015-12-22,Kg,40,50,45.0,Tomato
2015-12-23,Kg,40,50,45.0,Tomato
2015-12-24,Kg,40,50,45.0,Tomato
2015-12-25,Kg,45,52,48.5,Tomato
2015-12-26,Kg,50,60,55.0,Tomato
2015-12-27,Kg,40,50,45.0,Tomato
2015-12-28,Kg,40,50,45.0,Tomato
2015-12-29,Kg,40,50,45.0,Tomato
2015-12-30,Kg,40,45,42.5,Tomato
2015-12-31,Kg,40,50,45.0,Tomato
2016-01-01,Kg,40,50,45.0,Tomato
2016-01-02,Kg,35,44,39.5,Tomato
2016-01-03,Kg,30,40,35.0,Tomato
2016-01-04,Kg,30,40,35.0,Tomato
2016-01-05,Kg,25,30,27.5,Tomato
2016-01-06,Kg,20,30,25.0,Tomato
2016-01-07,Kg,15,20,17.5,Tomato
2016-01-08,Kg,15,20,17.5,Tomato
2016-01-09,Kg,15,20,17.5,Tomato
2016-01-10,Kg,15,20,17.5,Tomato
2016-01-11,Kg,15,20,17.5,Tomato
2016-01-12,Kg,15,20,17.5,Tomato
2016-01-13,Kg,15,20,17.5,Tomato
2016-01-14,Kg,15,20,17.5,Tomato
2016-01-15,Kg,15,20,17.5,Tomato
2016-01-16,Kg,15,24,19.5,Tomato
2016-01-17,Kg,15,20,17.5,Tomato
2016-01-18,Kg,15,20,17.5,Tomato
2016-01-19,Kg,15,20,17.5,Tomato
2016-01-20,Kg,15,20,17.5,Tomato
2016-01-21,Kg,15,20,17.5,Tomato
2016-01-22,Kg,15,20,17.5,Tomato
2016-01-23,Kg,25,30,27.5,Tomato
2016-01-24,Kg,20,30,25.0,Tomato
2016-01-25,Kg,20,30,25.0,Tomato
2016-01-26,Kg,18,25,21.5,Tomato
2016-01-27,Kg,15,20,17.5,Tomato
2016-01-28,Kg,15,20,17.5,Tomato
2016-01-29,Kg,20,25,22.5,Tomato
2016-01-30,Kg,20,25,22.5,Tomato
2016-01-31,Kg,15,20,17.5,Tomato
2016-02-01,Kg,20,30,25.0,Tomato
2016-02-02,Kg,20,30,25.0,Tomato
2016-02-03,Kg,20,30,25.0,Tomato
2016-02-04,Kg,30,35,32.5,Tomato
2016-02-05,Kg,25,30,27.5,Tomato
2016-02-06,Kg,25,30,27.5,Tomato
2016-02-07,Kg,20,30,25.0,Tomato
2016-02-08,Kg,25,30,27.5,Tomato
2016-02-09,Kg,20,25,22.5,Tomato
2016-02-10,Kg,20,30,25.0,Tomato
2016-02-11,Kg,25,30,27.5,Tomato
2016-02-12,Kg,25,30,27.5,Tomato
2016-02-13,Kg,20,25,22.5,Tomato
2016-02-14,Kg,25,30,27.5,Tomato
2016-02-15,Kg,25,30,27.5,Tomato
2016-02-16,Kg,25,30,27.5,Tomato
2016-02-17,Kg,25,30,27.5,Tomato
2016-02-18,Kg,25,30,27.5,Tomato
2016-02-19,Kg,25,30,27.5,Tomato
2016-02-20,Kg,30,35,32.5,Tomato
2016-02-21,Kg,20,30,25.0,Tomato
2016-02-22,Kg,20,25,22.5,Tomato
2016-02-23,Kg,20,30,25.0,Tomato
2016-02-24,Kg,25,30,27.5,Tomato
2016-02-25,Kg,20,30,25.0,Tomato
2016-02-26,Kg,20,25,22.5,Tomato
2016-02-27,Kg,20,24,22.0,Tomato
2016-02-28,Kg,20,25,22.5,Tomato
2016-02-29,Kg,20,30,25.0,Tomato
2016-03-01,Kg,20,25,22.5,Tomato
2016-03-02,Kg,25,30,27.5,Tomato
2016-03-04,Kg,25,30,27.5,Tomato
2016-03-05,Kg,30,35,32.5,Tomato
2016-03-06,Kg,30,40,35.0,Tomato
2016-03-07,Kg,25,32,28.5,Tomato
2016-03-08,Kg,25,28,26.5,Tomato
2016-03-09,Kg,20,25,22.5,Tomato
2016-03-10,Kg,25,30,27.5,Tomato
2016-03-11,Kg,25,30,27.5,Tomato
2016-03-12,Kg,28,35,31.5,Tomato
2016-03-13,Kg,25,30,27.5,Tomato
2016-03-15,Kg,35,40,37.5,Tomato
2016-03-16,Kg,35,40,37.5,Tomato
2016-03-17,Kg,30,40,35.0,Tomato
2016-03-18,Kg,35,40,37.5,Tomato
2016-03-19,Kg,38,40,39.0,Tomato
2016-03-20,Kg,40,45,42.5,Tomato
2016-03-21,Kg,40,50,45.0,Tomato
2016-03-22,Kg,40,50,45.0,Tomato
2016-03-23,Kg,40,45,42.5,Tomato
2016-03-24,Kg,40,50,45.0,Tomato
2016-03-25,Kg,40,50,45.0,Tomato
2016-03-26,Kg,37,42,39.5,Tomato
2016-03-27,Kg,40,45,42.5,Tomato
2016-03-28,Kg,40,45,42.5,Tomato
2016-03-29,Kg,30,40,35.0,Tomato
2016-03-30,Kg,30,35,32.5,Tomato
2016-03-31,Kg,30,35,32.5,Tomato
2016-04-01,Kg,25,30,27.5,Tomato
2016-04-02,Kg,35,40,37.5,Tomato
2016-04-03,Kg,30,35,32.5,Tomato
2016-04-04,Kg,25,30,27.5,Tomato
2016-04-05,Kg,25,30,27.5,Tomato
2016-04-06,Kg,25,30,27.5,Tomato
2016-04-07,Kg,25,30,27.5,Tomato
2016-04-08,Kg,35,40,37.5,Tomato
2016-04-09,Kg,28,35,31.5,Tomato
2016-04-10,Kg,25,30,27.5,Tomato
2016-04-11,Kg,25,30,27.5,Tomato
2016-04-12,Kg,22,30,26.0,Tomato
2016-04-13,Kg,25,30,27.5,Tomato
2016-04-14,Kg,25,30,27.5,Tomato
2016-04-15,Kg,25,30,27.5,Tomato
2016-04-16,Kg,20,25,22.5,Tomato
2016-04-17,Kg,20,25,22.5,Tomato
2016-04-18,Kg,15,20,17.5,Tomato
2016-04-19,Kg,15,20,17.5,Tomato
2016-04-20,Kg,15,20,17.5,Tomato
2016-04-21,Kg,15,20,17.5,Tomato
2016-04-22,Kg,20,25,22.5,Tomato
2016-04-23,Kg,25,30,27.5,Tomato
2016-04-24,Kg,30,35,32.5,Tomato
2016-04-25,Kg,30,40,35.0,Tomato
2016-04-26,Kg,30,40,35.0,Tomato
2016-04-27,Kg,35,45,40.0,Tomato
2016-04-28,Kg,38,45,41.5,Tomato
2016-04-29,Kg,45,50,47.5,Tomato
2016-04-30,Kg,40,45,42.5,Tomato
2016-05-01,Kg,30,42,36.0,Tomato
2016-05-02,Kg,40,50,45.0,Tomato
2016-05-03,Kg,40,50,45.0,Tomato
2016-05-04,Kg,50,60,55.0,Tomato
2016-05-05,Kg,60,70,65.0,Tomato
2016-05-06,Kg,60,65,62.5,Tomato
2016-05-07,Kg,60,65,62.5,Tomato
2016-05-08,Kg,50,60,55.0,Tomato
2016-05-09,Kg,50,60,55.0,Tomato
2016-05-10,Kg,50,60,55.0,Tomato
2016-05-11,Kg,50,60,55.0,Tomato
2016-05-12,Kg,50,60,55.0,Tomato
2016-05-13,Kg,50,60,55.0,Tomato
2016-05-14,Kg,55,60,57.5,Tomato
2016-05-15,Kg,60,65,62.5,Tomato
2016-05-16,Kg,50,55,52.5,Tomato
2016-05-17,Kg,50,60,55.0,Tomato
2016-05-18,Kg,45,55,50.0,Tomato
2016-05-19,Kg,55,65,60.0,Tomato
2016-05-20,Kg,70,80,75.0,Tomato
2016-05-21,Kg,60,70,65.0,Tomato
2016-05-22,Kg,70,80,75.0,Tomato
2016-05-23,Kg,70,80,75.0,Tomato
2016-05-24,Kg,60,70,65.0,Tomato
2016-05-25,Kg,50,60,55.0,Tomato
2016-05-26,Kg,50,60,55.0,Tomato
2016-05-27,Kg,50,60,55.0,Tomato
2016-05-28,Kg,60,70,65.0,Tomato
2016-05-29,Kg,50,60,55.0,Tomato
2016-05-30,Kg,60,70,65.0,Tomato
2016-05-31,Kg,60,70,65.0,Tomato
2016-06-01,Kg,50,60,55.0,Tomato
2016-06-02,Kg,60,70,65.0,Tomato
2016-06-03,Kg,60,70,65.0,Tomato
2016-06-04,Kg,50,60,55.0,Tomato
2016-06-05,Kg,60,70,65.0,Tomato
2016-06-06,Kg,70,80,75.0,Tomato
2016-06-07,Kg,50,60,55.0,Tomato
2016-06-08,Kg,50,60,55.0,Tomato
2016-06-09,Kg,40,50,45.0,Tomato
2016-06-10,Kg,50,60,55.0,Tomato
2016-06-11,Kg,40,55,47.5,Tomato
2016-06-12,Kg,50,60,55.0,Tomato
2016-06-13,Kg,50,60,55.0,Tomato
2016-06-14,Kg,35,45,40.0,Tomato
2016-06-15,Kg,35,40,37.5,Tomato
2016-06-16,Kg,30,38,34.0,Tomato
2016-06-17,Kg,40,50,45.0,Tomato
2016-06-18,Kg,25,40,32.5,Tomato
2016-06-19,Kg,40,50,45.0,Tomato
2016-06-20,Kg,40,50,45.0,Tomato
2016-06-21,Kg,45,50,47.5,Tomato
2016-06-22,Kg,50,60,55.0,Tomato
2016-06-23,Kg,50,60,55.0,Tomato
2016-06-24,Kg,40,50,45.0,Tomato
2016-06-25,Kg,30,40,35.0,Tomato
2016-06-26,Kg,50,60,55.0,Tomato
2016-06-27,Kg,50,55,52.5,Tomato
2016-06-28,Kg,60,70,65.0,Tomato
2016-06-29,Kg,60,70,65.0,Tomato
2016-06-30,Kg,60,70,65.0,Tomato
2016-07-01,Kg,60,70,65.0,Tomato
2016-07-02,Kg,65,70,67.5,Tomato
2016-07-03,Kg,60,70,65.0,Tomato
2016-07-04,Kg,60,70,65.0,Tomato
2016-07-05,Kg,60,70,65.0,Tomato
2016-07-06,Kg,60,70,65.0,Tomato
2016-07-07,Kg,60,70,65.0,Tomato
2016-07-08,Kg,60,70,65.0,Tomato
2016-07-09,Kg,60,70,65.0,Tomato
2016-07-10,Kg,60,70,65.0,Tomato
2016-07-11,Kg,70,80,75.0,Tomato
2016-07-12,Kg,60,70,65.0,Tomato
2016-07-13,Kg,60,70,65.0,Tomato
2016-07-14,Kg,65,70,67.5,Tomato
2016-07-15,Kg,55,60,57.5,Tomato
2016-07-16,Kg,55,60,57.5,Tomato
2016-07-17,Kg,60,65,62.5,Tomato
2016-07-18,Kg,55,60,57.5,Tomato
2016-07-19,Kg,50,60,55.0,Tomato
2016-07-20,Kg,50,60,55.0,Tomato
2016-07-21,Kg,50,55,52.5,Tomato
2016-07-22,Kg,55,65,60.0,Tomato
2016-07-23,Kg,58,65,61.5,Tomato
2016-07-24,Kg,60,70,65.0,Tomato
2016-07-25,Kg,60,70,65.0,Tomato
2016-07-26,Kg,80,90,85.0,Tomato
2016-07-27,Kg,75,85,80.0,Tomato
2016-07-28,Kg,70,80,75.0,Tomato
2016-07-29,Kg,85,90,87.5,Tomato
2016-07-30,Kg,80,85,82.5,Tomato
2016-07-31,Kg,80,90,85.0,Tomato
2016-08-01,Kg,75,80,77.5,Tomato
2016-08-02,Kg,70,80,75.0,Tomato
2016-08-03,Kg,70,75,72.5,Tomato
2016-08-04,Kg,65,70,67.5,Tomato
2016-08-05,Kg,65,70,67.5,Tomato
2016-08-06,Kg,80,90,85.0,Tomato
2016-08-07,Kg,70,75,72.5,Tomato
2016-08-08,Kg,65,70,67.5,Tomato
2016-08-09,Kg,60,70,65.0,Tomato
2016-08-10,Kg,50,60,55.0,Tomato
2016-08-11,Kg,50,60,55.0,Tomato
2016-08-12,Kg,50,60,55.0,Tomato
2016-08-13,Kg,50,60,55.0,Tomato
2016-08-14,Kg,50,55,52.5,Tomato
2016-08-15,Kg,45,55,50.0,Tomato
2016-08-16,Kg,45,55,50.0,Tomato
2016-08-17,Kg,45,55,50.0,Tomato
2016-08-18,Kg,50,60,55.0,Tomato
2016-08-19,Kg,75,80,77.5,Tomato
2016-08-20,Kg,55,60,57.5,Tomato
2016-08-21,Kg,50,60,55.0,Tomato
2016-08-22,Kg,40,50,45.0,Tomato
2016-08-23,Kg,40,50,45.0,Tomato
2016-08-24,Kg,45,50,47.5,Tomato
2016-08-25,Kg,50,55,52.5,Tomato
2016-08-26,Kg,40,50,45.0,Tomato
2016-08-27,Kg,40,48,44.0,Tomato
2016-08-28,Kg,50,60,55.0,Tomato
2016-08-29,Kg,45,55,50.0,Tomato
2016-08-30,Kg,45,55,50.0,Tomato
2016-08-31,Kg,45,55,50.0,Tomato
2016-09-01,Kg,45,55,50.0,Tomato
2016-09-02,Kg,45,55,50.0,Tomato
2016-09-03,Kg,45,52,48.5,Tomato
2016-09-04,Kg,45,55,50.0,Tomato
2016-09-05,Kg,45,55,50.0,Tomato
2016-09-06,Kg,40,50,45.0,Tomato
2016-09-07,Kg,40,50,45.0,Tomato
2016-09-08,Kg,35,45,40.0,Tomato
2016-09-09,Kg,35,45,40.0,Tomato
2016-09-10,Kg,38,45,41.5,Tomato
2016-09-11,Kg,35,45,40.0,Tomato
2016-09-12,Kg,35,45,40.0,Tomato
2016-09-13,Kg,45,55,50.0,Tomato
2016-09-14,Kg,40,50,45.0,Tomato
2016-09-15,Kg,40,45,42.5,Tomato
2016-09-16,Kg,45,55,50.0,Tomato
2016-09-17,Kg,45,50,47.5,Tomato
2016-09-18,Kg,50,60,55.0,Tomato
2016-09-19,Kg,40,50,45.0,Tomato
2016-09-20,Kg,45,55,50.0,Tomato
2016-09-21,Kg,48,55,51.5,Tomato
2016-09-22,Kg,40,50,45.0,Tomato
2016-09-23,Kg,40,45,42.5,Tomato
2016-09-24,Kg,45,50,47.5,Tomato
2016-09-25,Kg,45,55,50.0,Tomato
2016-09-26,Kg,50,60,55.0,Tomato
2016-09-27,Kg,45,55,50.0,Tomato
2016-09-28,Kg,45,55,50.0,Tomato
2016-09-29,Kg,45,55,50.0,Tomato
2016-09-30,Kg,50,60,55.0,Tomato
2016-10-01,Kg,50,60,55.0,Tomato
2016-10-02,Kg,60,70,65.0,Tomato
2016-10-03,Kg,65,70,67.5,Tomato
2016-10-04,Kg,70,80,75.0,Tomato
2016-10-05,Kg,60,70,65.0,Tomato
2016-10-06,Kg,65,75,70.0,Tomato
2016-10-07,Kg,60,70,65.0,Tomato
2016-10-08,Kg,60,70,65.0,Tomato
2016-10-09,Kg,70,75,72.5,Tomato
2016-10-10,Kg,65,75,70.0,Tomato
2016-10-11,Kg,80,90,85.0,Tomato
2016-10-12,Kg,60,70,65.0,Tomato
2016-10-13,Kg,55,65,60.0,Tomato
2016-10-14,Kg,50,60,55.0,Tomato
2016-10-15,Kg,50,54,52.0,Tomato
2016-10-16,Kg,55,65,60.0,Tomato
2016-10-17,Kg,65,70,67.5,Tomato
2016-10-18,Kg,70,80,75.0,Tomato
2016-10-19,Kg,70,80,75.0,Tomato
2016-10-20,Kg,75,80,77.5,Tomato
2016-10-21,Kg,70,80,75.0,Tomato
2016-10-22,Kg,50,55,52.5,Tomato
2016-10-23,Kg,50,60,55.0,Tomato
2016-10-24,Kg,60,70,65.0,Tomato
2016-10-25,Kg,50,60,55.0,Tomato
2016-10-26,Kg,40,50,45.0,Tomato
2016-10-27,Kg,40,50,45.0,Tomato
2016-10-28,Kg,40,50,45.0,Tomato
2016-10-29,Kg,38,45,41.5,Tomato
2016-10-30,Kg,35,45,40.0,Tomato
2016-10-31,Kg,40,50,45.0,Tomato
2016-11-01,Kg,40,50,45.0,Tomato
2016-11-02,Kg,35,45,40.0,Tomato
2016-11-03,Kg,35,45,40.0,Tomato
2016-11-04,Kg,35,45,40.0,Tomato
2016-11-05,Kg,30,40,35.0,Tomato
2016-11-06,Kg,30,38,34.0,Tomato
2016-11-07,Kg,30,40,35.0,Tomato
2016-11-08,Kg,30,40,35.0,Tomato
2016-11-09,Kg,30,40,35.0,Tomato
2016-11-10,Kg,30,40,35.0,Tomato
2016-11-11,Kg,35,40,37.5,Tomato
2016-11-12,Kg,40,48,44.0,Tomato
2016-11-13,Kg,30,40,35.0,Tomato
2016-11-14,Kg,30,40,35.0,Tomato
2016-11-15,Kg,30,40,35.0,Tomato
2016-11-16,Kg,30,40,35.0,Tomato
2016-11-17,Kg,25,35,30.0,Tomato
2016-11-18,Kg,25,35,30.0,Tomato
2016-11-19,Kg,25,30,27.5,Tomato
2016-11-20,Kg,25,35,30.0,Tomato
2016-11-21,Kg,25,35,30.0,Tomato
2016-11-22,Kg,25,35,30.0,Tomato
2016-11-23,Kg,30,40,35.0,Tomato
2016-11-24,Kg,25,35,30.0,Tomato
2016-11-25,Kg,30,40,35.0,Tomato
2016-11-26,Kg,35,40,37.5,Tomato
2016-11-27,Kg,30,40,35.0,Tomato
2016-11-28,Kg,30,40,35.0,Tomato
2016-11-29,Kg,30,40,35.0,Tomato
2016-11-30,Kg,30,40,35.0,Tomato
2016-12-01,Kg,25,35,30.0,Tomato
2016-12-02,Kg,25,35,30.0,Tomato
2016-12-03,Kg,28,35,31.5,Tomato
2016-12-04,Kg,25,35,30.0,Tomato
2016-12-05,Kg,25,35,30.0,Tomato
2016-12-06,Kg,25,35,30.0,Tomato
2016-12-07,Kg,30,40,35.0,Tomato
2016-12-08,Kg,30,40,35.0,Tomato
2016-12-09,Kg,30,40,35.0,Tomato
2016-12-10,Kg,35,40,37.5,Tomato
2016-12-11,Kg,30,40,35.0,Tomato
2016-12-12,Kg,30,40,35.0,Tomato
2016-12-13,Kg,30,40,35.0,Tomato
2016-12-14,Kg,30,35,32.5,Tomato
2016-12-15,Kg,30,35,32.5,Tomato
2016-12-16,Kg,28,35,31.5,Tomato
2016-12-17,Kg,30,35,32.5,Tomato
2016-12-18,Kg,30,40,35.0,Tomato
2016-12-19,Kg,30,40,35.0,Tomato
2016-12-20,Kg,30,40,35.0,Tomato
2016-12-21,Kg,30,40,35.0,Tomato
2016-12-22,Kg,30,40,35.0,Tomato
2016-12-23,Kg,30,35,32.5,Tomato
2016-12-24,Kg,28,30,29.0,Tomato
2016-12-25,Kg,25,35,30.0,Tomato
2016-12-26,Kg,25,35,30.0,Tomato
2016-12-27,Kg,20,25,22.5,Tomato
2016-12-28,Kg,20,30,25.0,Tomato
2016-12-29,Kg,20,30,25.0,Tomato
2016-12-30,Kg,20,25,22.5,Tomato
2016-12-31,Kg,20,25,22.5,Tomato
2017-01-01,Kg,20,30,25.0,Tomato
2017-01-02,Kg,20,30,25.0,Tomato
2017-01-03,Kg,20,30,25.0,Tomato
2017-01-04,Kg,20,30,25.0,Tomato
2017-01-05,Kg,20,30,25.0,Tomato
2017-01-06,Kg,20,30,25.0,Tomato
2017-01-07,Kg,25,30,27.5,Tomato
2017-01-08,Kg,20,30,25.0,Tomato
2017-01-09,Kg,20,30,25.0,Tomato
2017-01-10,Kg,20,25,22.5,Tomato
2017-01-11,Kg,25,30,27.5,Tomato
2017-01-12,Kg,20,30,25.0,Tomato
2017-01-13,Kg,20,30,25.0,Tomato
2017-01-14,Kg,20,25,22.5,Tomato
2017-01-15,Kg,20,30,25.0,Tomato
2017-01-16,Kg,20,30,25.0,Tomato
2017-01-17,Kg,20,30,25.0,Tomato
2017-01-18,Kg,40,50,45.0,Tomato
2017-01-19,Kg,20,30,25.0,Tomato
2017-01-20,Kg,20,25,22.5,Tomato
2017-01-21,Kg,25,30,27.5,Tomato
2017-01-22,Kg,20,30,25.0,Tomato
2017-01-23,Kg,20,30,25.0,Tomato
2017-01-24,Kg,20,30,25.0,Tomato
2017-01-25,Kg,20,30,25.0,Tomato
2017-01-26,Kg,15,25,20.0,Tomato
2017-01-27,Kg,15,20,17.5,Tomato
2017-01-28,Kg,20,25,22.5,Tomato
2017-01-29,Kg,20,25,22.5,Tomato
2017-01-30,Kg,18,24,21.0,Tomato
2017-01-31,Kg,15,25,20.0,Tomato
2017-02-01,Kg,15,25,20.0,Tomato
2017-02-02,Kg,15,25,20.0,Tomato
2017-02-03,Kg,15,25,20.0,Tomato
2017-02-04,Kg,15,24,19.5,Tomato
2017-02-05,Kg,10,20,15.0,Tomato
2017-02-06,Kg,10,20,15.0,Tomato
2017-02-07,Kg,10,20,15.0,Tomato
2017-02-08,Kg,15,25,20.0,Tomato
2017-02-09,Kg,15,20,17.5,Tomato
2017-02-10,Kg,15,20,17.5,Tomato
2017-02-11,Kg,15,20,17.5,Tomato
2017-02-12,Kg,15,20,17.5,Tomato
2017-02-13,Kg,15,20,17.5,Tomato
2017-02-14,Kg,15,20,17.5,Tomato
2017-02-15,Kg,15,20,17.5,Tomato
2017-02-16,Kg,15,20,17.5,Tomato
2017-02-17,Kg,15,20,17.5,Tomato
2017-02-18,Kg,15,20,17.5,Tomato
2017-02-19,Kg,15,20,17.5,Tomato
2017-02-20,Kg,15,20,17.5,Tomato
2017-02-21,Kg,15,20,17.5,Tomato
2017-02-22,Kg,15,20,17.5,Tomato
2017-02-23,Kg,15,20,17.5,Tomato
2017-02-25,Kg,15,20,17.5,Tomato
2017-02-26,Kg,15,20,17.5,Tomato
2017-02-27,Kg,15,20,17.5,Tomato
2017-02-28,Kg,20,25,22.5,Tomato
2017-03-01,Kg,20,25,22.5,Tomato
2017-03-02,Kg,20,25,22.5,Tomato
2017-03-04,Kg,20,25,22.5,Tomato
2017-03-05,Kg,25,30,27.5,Tomato
2017-03-06,Kg,24,30,27.0,Tomato
2017-03-07,Kg,25,30,27.5,Tomato
2017-03-08,Kg,25,30,27.5,Tomato
2017-03-09,Kg,25,30,27.5,Tomato
2017-03-10,Kg,25,30,27.5,Tomato
2017-03-11,Kg,25,30,27.5,Tomato
2017-03-13,Kg,30,35,32.5,Tomato
2017-03-14,Kg,30,35,32.5,Tomato
2017-03-15,Kg,30,35,32.5,Tomato
2017-03-16,Kg,25,30,27.5,Tomato
2017-03-17,Kg,25,30,27.5,Tomato
2017-03-18,Kg,28,32,30.0,Tomato
2017-03-19,Kg,25,30,27.5,Tomato
2017-03-20,Kg,25,30,27.5,Tomato
2017-03-21,Kg,25,30,27.5,Tomato
2017-03-22,Kg,25,30,27.5,Tomato
2017-03-23,Kg,25,30,27.5,Tomato
2017-03-24,Kg,25,30,27.5,Tomato
2017-03-25,Kg,25,30,27.5,Tomato
2017-03-26,Kg,25,30,27.5,Tomato
2017-03-27,Kg,30,35,32.5,Tomato
2017-03-28,Kg,35,40,37.5,Tomato
2017-03-29,Kg,35,40,37.5,Tomato
2017-03-30,Kg,30,35,32.5,Tomato
2017-03-31,Kg,30,35,32.5,Tomato
2017-04-01,Kg,30,35,32.5,Tomato
2017-04-02,Kg,25,30,27.5,Tomato
2017-04-03,Kg,30,35,32.5,Tomato
2017-04-04,Kg,30,35,32.5,Tomato
2017-04-05,Kg,30,35,32.5,Tomato
2017-04-06,Kg,30,35,32.5,Tomato
2017-04-07,Kg,30,35,32.5,Tomato
2017-04-08,Kg,30,35,32.5,Tomato
2017-04-09,Kg,30,35,32.5,Tomato
2017-04-10,Kg,25,30,27.5,Tomato
2017-04-11,Kg,20,28,24.0,Tomato
2017-04-12,Kg,20,28,24.0,Tomato
2017-04-13,Kg,24,30,27.0,Tomato
2017-04-14,Kg,30,40,35.0,Tomato
2017-04-15,Kg,30,35,32.5,Tomato
2017-04-16,Kg,30,35,32.5,Tomato
2017-04-17,Kg,30,35,32.5,Tomato
2017-04-18,Kg,30,35,32.5,Tomato
2017-04-19,Kg,30,35,32.5,Tomato
2017-04-20,Kg,30,35,32.5,Tomato
2017-04-21,Kg,25,30,27.5,Tomato
2017-04-22,Kg,30,35,32.5,Tomato
2017-04-23,Kg,30,35,32.5,Tomato
2017-04-24,Kg,30,35,32.5,Tomato
2017-04-25,Kg,25,30,27.5,Tomato
2017-04-26,Kg,25,30,27.5,Tomato
2017-04-27,Kg,25,30,27.5,Tomato
2017-04-28,Kg,25,30,27.5,Tomato
2017-04-29,Kg,25,30,27.5,Tomato
2017-04-30,Kg,25,30,27.5,Tomato
2017-05-01,Kg,25,30,27.5,Tomato
2017-05-02,Kg,25,30,27.5,Tomato
2017-05-03,Kg,30,35,32.5,Tomato
2017-05-04,Kg,25,30,27.5,Tomato
2017-05-05,Kg,25,30,27.5,Tomato
2017-05-06,Kg,25,30,27.5,Tomato
2017-05-07,Kg,25,30,27.5,Tomato
2017-05-08,Kg,25,30,27.5,Tomato
2017-05-09,Kg,25,30,27.5,Tomato
2017-05-10,Kg,30,35,32.5,Tomato
2017-05-11,Kg,35,40,37.5,Tomato
2017-05-12,Kg,40,50,45.0,Tomato
2017-05-13,Kg,35,45,40.0,Tomato
2017-05-15,Kg,35,45,40.0,Tomato
2017-05-16,Kg,40,50,45.0,Tomato
2017-05-17,Kg,40,50,45.0,Tomato
2017-05-18,Kg,40,45,42.5,Tomato
2017-05-19,Kg,45,50,47.5,Tomato
2017-05-20,Kg,45,50,47.5,Tomato
2017-05-21,Kg,30,35,32.5,Tomato
2017-05-22,Kg,30,35,32.5,Tomato
2017-05-23,Kg,30,35,32.5,Tomato
2017-05-24,Kg,30,35,32.5,Tomato
2017-05-25,Kg,30,35,32.5,Tomato
2017-05-26,Kg,30,35,32.5,Tomato
2017-05-27,Kg,30,35,32.5,Tomato
2017-05-28,Kg,30,35,32.5,Tomato
2017-05-29,Kg,45,50,47.5,Tomato
2017-05-30,Kg,30,35,32.5,Tomato
2017-05-31,Kg,40,45,42.5,Tomato
2017-06-01,Kg,40,45,42.5,Tomato
2017-06-02,Kg,30,35,32.5,Tomato
2017-06-03,Kg,30,38,34.0,Tomato
2017-06-04,Kg,45,50,47.5,Tomato
2017-06-05,Kg,50,55,52.5,Tomato
2017-06-06,Kg,55,60,57.5,Tomato
2017-06-07,Kg,60,65,62.5,Tomato
2017-06-08,Kg,50,55,52.5,Tomato
2017-06-09,Kg,50,55,52.5,Tomato
2017-06-10,Kg,45,50,47.5,Tomato
2017-06-11,Kg,45,50,47.5,Tomato
2017-06-12,Kg,45,50,47.5,Tomato
2017-06-13,Kg,45,50,47.5,Tomato
2017-06-14,Kg,40,45,42.5,Tomato
2017-06-15,Kg,40,45,42.5,Tomato
2017-06-16,Kg,40,45,42.5,Tomato
2017-06-17,Kg,40,45,42.5,Tomato
2017-06-18,Kg,35,40,37.5,Tomato
2017-06-19,Kg,35,40,37.5,Tomato
2017-06-20,Kg,30,36,33.0,Tomato
2017-06-21,Kg,30,35,32.5,Tomato
2017-06-22,Kg,30,35,32.5,Tomato
2017-06-23,Kg,30,35,32.5,Tomato
2017-06-24,Kg,30,35,32.5,Tomato
2017-06-25,Kg,30,35,32.5,Tomato
2017-06-26,Kg,30,35,32.5,Tomato
2017-06-27,Kg,30,35,32.5,Tomato
2017-06-28,Kg,25,30,27.5,Tomato
2017-06-29,Kg,25,30,27.5,Tomato
2017-06-30,Kg,25,30,27.5,Tomato
2017-07-01,Kg,25,30,27.5,Tomato
2017-07-02,Kg,25,30,27.5,Tomato
2017-07-03,Kg,24,28,26.0,Tomato
2017-07-04,Kg,20,25,22.5,Tomato
2017-07-05,Kg,20,25,22.5,Tomato
2017-07-06,Kg,20,25,22.5,Tomato
2017-07-07,Kg,20,25,22.5,Tomato
2017-07-08,Kg,20,25,22.5,Tomato
2017-07-09,Kg,20,25,22.5,Tomato
2017-07-10,Kg,20,25,22.5,Tomato
2017-07-11,Kg,20,25,22.5,Tomato
2017-07-12,Kg,24,30,27.0,Tomato
2017-07-13,Kg,28,32,30.0,Tomato
2017-07-14,Kg,30,35,32.5,Tomato
2017-07-15,Kg,27,33,30.0,Tomato
2017-07-16,Kg,27,35,31.0,Tomato
2017-07-17,Kg,30,35,32.5,Tomato
2017-07-18,Kg,35,40,37.5,Tomato
2017-07-19,Kg,35,40,37.5,Tomato
2017-07-20,Kg,30,35,32.5,Tomato
2017-07-21,Kg,30,35,32.5,Tomato
2017-07-22,Kg,30,35,32.5,Tomato
2017-07-23,Kg,30,35,32.5,Tomato
2017-07-24,Kg,30,35,32.5,Tomato
2017-07-25,Kg,30,35,32.5,Tomato
2017-07-26,Kg,30,35,32.5,Tomato
2017-07-27,Kg,45,50,47.5,Tomato
2017-07-28,Kg,45,50,47.5,Tomato
2017-07-29,Kg,45,50,47.5,Tomato
2017-07-30,Kg,45,50,47.5,Tomato
2017-07-31,Kg,45,50,47.5,Tomato
2017-08-01,Kg,40,50,45.0,Tomato
2017-08-02,Kg,40,50,45.0,Tomato
2017-08-03,Kg,40,45,42.5,Tomato
2017-08-04,Kg,40,50,45.0,Tomato
2017-08-05,Kg,40,50,45.0,Tomato
2017-08-06,Kg,40,50,45.0,Tomato
2017-08-07,Kg,40,50,45.0,Tomato
2017-08-08,Kg,50,55,52.5,Tomato
2017-08-09,Kg,45,50,47.5,Tomato
2017-08-10,Kg,45,50,47.5,Tomato
2017-08-11,Kg,50,55,52.5,Tomato
2017-08-12,Kg,50,55,52.5,Tomato
2017-08-13,Kg,60,65,62.5,Tomato
2017-08-14,Kg,70,75,72.5,Tomato
2017-08-15,Kg,60,65,62.5,Tomato
2017-08-16,Kg,70,75,72.5,Tomato
2017-08-17,Kg,70,80,75.0,Tomato
2017-08-18,Kg,75,80,77.5,Tomato
2017-08-19,Kg,75,80,77.5,Tomato
2017-08-20,Kg,75,80,77.5,Tomato
2017-08-21,Kg,70,75,72.5,Tomato
2017-08-22,Kg,70,75,72.5,Tomato
2017-08-23,Kg,65,70,67.5,Tomato
2017-08-24,Kg,50,55,52.5,Tomato
2017-08-25,Kg,50,55,52.5,Tomato
2017-08-26,Kg,50,55,52.5,Tomato
2017-08-27,Kg,40,45,42.5,Tomato
2017-08-28,Kg,38,43,40.5,Tomato
2017-08-29,Kg,38,43,40.5,Tomato
2017-08-30,Kg,35,40,37.5,Tomato
2017-08-31,Kg,35,40,37.5,Tomato
2017-09-01,Kg,30,35,32.5,Tomato
2017-09-02,Kg,30,35,32.5,Tomato
2017-09-03,Kg,32,35,33.5,Tomato
2017-09-04,Kg,45,50,47.5,Tomato
2017-09-05,Kg,45,50,47.5,Tomato
2017-09-06,Kg,45,50,47.5,Tomato
2017-09-07,Kg,45,50,47.5,Tomato
2017-09-08,Kg,45,50,47.5,Tomato
2017-09-09,Kg,45,50,47.5,Tomato
2017-09-10,Kg,45,50,47.5,Tomato
2017-09-11,Kg,45,50,47.5,Tomato
2017-09-12,Kg,35,40,37.5,Tomato
2017-09-13,Kg,35,40,37.5,Tomato
2017-09-14,Kg,35,40,37.5,Tomato
2017-09-15,Kg,35,45,40.0,Tomato
2017-09-16,Kg,35,40,37.5,Tomato
2017-09-17,Kg,35,40,37.5,Tomato
2017-09-18,Kg,40,45,42.5,Tomato
2017-09-20,Kg,45,50,47.5,Tomato
2017-09-21,Kg,60,70,65.0,Tomato
2017-09-22,Kg,65,75,70.0,Tomato
2017-09-23,Kg,70,80,75.0,Tomato
2017-09-24,Kg,60,65,62.5,Tomato
2017-09-25,Kg,55,65,60.0,Tomato
2017-09-26,Kg,55,60,57.5,Tomato
2017-09-27,Kg,55,60,57.5,Tomato
2017-09-28,Kg,55,65,60.0,Tomato
2017-09-29,Kg,50,55,52.5,Tomato
2017-09-30,Kg,45,50,47.5,Tomato
2017-10-01,Kg,35,40,37.5,Tomato
2017-10-02,Kg,25,30,27.5,Tomato
2017-10-03,Kg,20,25,22.5,Tomato
2017-10-04,Kg,20,25,22.5,Tomato
2017-10-05,Kg,20,25,22.5,Tomato
2017-10-06,Kg,23,26,24.5,Tomato
2017-10-07,Kg,23,26,24.5,Tomato
2017-10-08,Kg,30,35,32.5,Tomato
2017-10-09,Kg,45,55,50.0,Tomato
2017-10-10,Kg,48,55,51.5,Tomato
2017-10-11,Kg,58,65,61.5,Tomato
2017-10-12,Kg,55,60,57.5,Tomato
2017-10-13,Kg,55,60,57.5,Tomato
2017-10-14,Kg,65,70,67.5,Tomato
2017-10-15,Kg,52,60,56.0,Tomato
2017-10-16,Kg,50,55,52.5,Tomato
2017-10-17,Kg,45,55,50.0,Tomato
2017-10-18,Kg,55,60,57.5,Tomato
2017-10-19,Kg,55,60,57.5,Tomato
2017-10-20,Kg,45,50,47.5,Tomato
2017-10-21,Kg,65,70,67.5,Tomato
2017-10-22,Kg,75,80,77.5,Tomato
2017-10-23,Kg,58,62,60.0,Tomato
2017-10-24,Kg,53,58,55.5,Tomato
2017-10-25,Kg,45,50,47.5,Tomato
2017-10-26,Kg,45,50,47.5,Tomato
2017-10-27,Kg,70,75,72.5,Tomato
2017-10-28,Kg,70,75,72.5,Tomato
2017-10-29,Kg,65,70,67.5,Tomato
2017-10-30,Kg,70,75,72.5,Tomato
2017-10-31,Kg,70,75,72.5,Tomato
2017-11-01,Kg,95,100,97.5,Tomato
2017-11-02,Kg,90,95,92.5,Tomato
2017-11-03,Kg,85,90,87.5,Tomato
2017-11-04,Kg,70,78,74.0,Tomato
2017-11-05,Kg,80,85,82.5,Tomato
2017-11-06,Kg,70,75,72.5,Tomato
2017-11-07,Kg,75,80,77.5,Tomato
2017-11-08,Kg,80,85,82.5,Tomato
2017-11-09,Kg,75,80,77.5,Tomato
2017-11-10,Kg,75,80,77.5,Tomato
2017-11-11,Kg,68,73,70.5,Tomato
2017-11-12,Kg,75,80,77.5,Tomato
2017-11-13,Kg,65,70,67.5,Tomato
2017-11-14,Kg,75,80,77.5,Tomato
2017-11-15,Kg,70,75,72.5,Tomato
2017-11-16,Kg,60,65,62.5,Tomato
2017-11-17,Kg,60,65,62.5,Tomato
2017-11-18,Kg,65,70,67.5,Tomato
2017-11-19,Kg,50,60,55.0,Tomato
2017-11-20,Kg,45,50,47.5,Tomato
2017-11-21,Kg,45,50,47.5,Tomato
2017-11-22,Kg,50,55,52.5,Tomato
2017-11-23,Kg,55,60,57.5,Tomato
2017-11-24,Kg,60,65,62.5,Tomato
2017-11-25,Kg,52,58,55.0,Tomato
2017-11-26,Kg,55,60,57.5,Tomato
2017-11-27,Kg,65,70,67.5,Tomato
2017-11-28,Kg,60,65,62.5,Tomato
2017-11-29,Kg,50,55,52.5,Tomato
2017-11-30,Kg,55,60,57.5,Tomato
2017-12-01,Kg,55,60,57.5,Tomato
2017-12-02,Kg,55,60,57.5,Tomato
2017-12-03,Kg,60,70,65.0,Tomato
2017-12-04,Kg,70,75,72.5,Tomato
2017-12-05,Kg,80,85,82.5,Tomato
2017-12-06,Kg,70,75,72.5,Tomato
2017-12-08,Kg,75,80,77.5,Tomato
2017-12-09,Kg,75,80,77.5,Tomato
2017-12-10,Kg,65,70,67.5,Tomato
2017-12-11,Kg,65,70,67.5,Tomato
2017-12-12,Kg,65,70,67.5,Tomato
2017-12-13,Kg,55,60,57.5,Tomato
2017-12-14,Kg,45,50,47.5,Tomato
2017-12-15,Kg,40,45,42.5,Tomato
2017-12-16,Kg,35,40,37.5,Tomato
2017-12-17,Kg,35,40,37.5,Tomato
2017-12-18,Kg,30,35,32.5,Tomato
2017-12-19,Kg,25,30,27.5,Tomato
2017-12-20,Kg,25,30,27.5,Tomato
2017-12-27,Kg,25,30,27.5,Tomato
2017-12-28,Kg,25,30,27.5,Tomato
2017-12-29,Kg,20,25,22.5,Tomato
2017-12-30,Kg,20,25,22.5,Tomato
2017-12-31,Kg,20,25,22.5,Tomato
2018-01-01,Kg,20,25,22.5,Tomato
2018-01-02,Kg,25,30,27.5,Tomato
2018-01-03,Kg,25,30,27.5,Tomato
2018-01-04,Kg,25,30,27.5,Tomato
2018-01-05,Kg,30,35,32.5,Tomato
2018-01-06,Kg,35,40,37.5,Tomato
2018-01-07,Kg,25,30,27.5,Tomato
2018-01-08,Kg,30,35,32.5,Tomato
2018-01-09,Kg,30,35,32.5,Tomato
2018-01-10,Kg,30,35,32.5,Tomato
2018-01-11,Kg,30,35,32.5,Tomato
2018-01-12,Kg,40,45,42.5,Tomato
2018-01-13,Kg,45,50,47.5,Tomato
2018-01-14,Kg,45,50,47.5,Tomato
2018-01-16,Kg,35,40,37.5,Tomato
2018-01-17,Kg,40,45,42.5,Tomato
2018-01-18,Kg,35,40,37.5,Tomato
2018-01-19,Kg,35,40,37.5,Tomato
2018-01-20,Kg,38,43,40.5,Tomato
2018-01-21,Kg,30,35,32.5,Tomato
2018-01-22,Kg,25,30,27.5,Tomato
2018-01-23,Kg,20,25,22.5,Tomato
2018-01-24,Kg,20,25,22.5,Tomato
2018-01-25,Kg,20,25,22.5,Tomato
2018-01-26,Kg,18,20,19.0,Tomato
2018-01-27,Kg,15,20,17.5,Tomato
2018-01-28,Kg,16,20,18.0,Tomato
2018-01-29,Kg,15,20,17.5,Tomato
2018-01-30,Kg,15,20,17.5,Tomato
2018-01-31,Kg,15,20,17.5,Tomato
2018-02-01,Kg,15,20,17.5,Tomato
2018-02-02,Kg,12,15,13.5,Tomato
2018-02-03,Kg,12,16,14.0,Tomato
2018-02-04,Kg,20,25,22.5,Tomato
2018-02-05,Kg,25,30,27.5,Tomato
2018-02-06,Kg,25,30,27.5,Tomato
2018-02-07,Kg,18,20,19.0,Tomato
2018-02-08,Kg,18,20,19.0,Tomato
2018-02-09,Kg,18,22,20.0,Tomato
2018-02-10,Kg,18,20,19.0,Tomato
2018-02-11,Kg,15,20,17.5,Tomato
2018-02-12,Kg,15,20,17.5,Tomato
2018-02-13,Kg,15,20,17.5,Tomato
2018-02-14,Kg,20,25,22.5,Tomato
2018-02-15,Kg,20,25,22.5,Tomato
2018-02-16,Kg,25,30,27.5,Tomato
2018-02-17,Kg,20,25,22.5,Tomato
2018-02-18,Kg,25,30,27.5,Tomato
2018-02-19,Kg,25,28,26.5,Tomato
2018-02-20,Kg,25,30,27.5,Tomato
2018-02-21,Kg,25,30,27.5,Tomato
2018-02-22,Kg,20,25,22.5,Tomato
2018-02-23,Kg,20,25,22.5,Tomato
2018-02-24,Kg,20,25,22.5,Tomato
2018-02-25,Kg,25,30,27.5,Tomato
2018-02-26,Kg,30,35,32.5,Tomato
2018-02-27,Kg,30,35,32.5,Tomato
2018-02-28,Kg,30,35,32.5,Tomato
2018-03-01,Kg,35,40,37.5,Tomato
2018-03-02,Kg,33,36,34.5,Tomato
2018-03-03,Kg,30,35,32.5,Tomato
2018-03-05,Kg,30,35,32.5,Tomato
2018-03-06,Kg,33,36,34.5,Tomato
2018-03-07,Kg,30,35,32.5,Tomato
2018-03-08,Kg,30,35,32.5,Tomato
2018-03-09,Kg,30,35,32.5,Tomato
2018-03-10,Kg,40,50,45.0,Tomato
2018-03-11,Kg,25,30,27.5,Tomato
2018-03-12,Kg,25,30,27.5,Tomato
2018-03-13,Kg,25,30,27.5,Tomato
2018-03-14,Kg,25,30,27.5,Tomato
2018-03-15,Kg,25,30,27.5,Tomato
2018-03-16,Kg,25,30,27.5,Tomato
2018-03-17,Kg,25,30,27.5,Tomato
2018-03-18,Kg,45,50,47.5,Tomato
2018-03-19,Kg,50,55,52.5,Tomato
2018-03-20,Kg,50,55,52.5,Tomato
2018-03-21,Kg,50,55,52.5,Tomato
2018-03-22,Kg,50,55,52.5,Tomato
2018-03-23,Kg,50,55,52.5,Tomato
2018-03-24,Kg,40,48,44.0,Tomato
2018-03-25,Kg,40,45,42.5,Tomato
2018-03-26,Kg,30,35,32.5,Tomato
2018-03-27,Kg,30,35,32.5,Tomato
2018-03-28,Kg,30,35,32.5,Tomato
2018-03-29,Kg,30,35,32.5,Tomato
2018-03-30,Kg,30,35,32.5,Tomato
2018-03-31,Kg,30,35,32.5,Tomato
2018-04-01,Kg,35,40,37.5,Tomato
2018-04-02,Kg,40,45,42.5,Tomato
2018-04-03,Kg,40,45,42.5,Tomato
2018-04-04,Kg,35,40,37.5,Tomato
2018-04-05,Kg,35,40,37.5,Tomato
2018-04-06,Kg,30,35,32.5,Tomato
2018-04-07,Kg,24,30,27.0,Tomato
2018-04-08,Kg,28,33,30.5,Tomato
2018-04-09,Kg,25,30,27.5,Tomato
2018-04-10,Kg,25,30,27.5,Tomato
2018-04-11,Kg,23,26,24.5,Tomato
2018-04-12,Kg,28,33,30.5,Tomato
2018-04-13,Kg,35,40,37.5,Tomato
2018-04-14,Kg,30,35,32.5,Tomato
2018-04-15,Kg,35,40,37.5,Tomato
2018-04-16,Kg,28,33,30.5,Tomato
2018-04-17,Kg,25,30,27.5,Tomato
2018-04-18,Kg,20,25,22.5,Tomato
2018-04-19,Kg,20,25,22.5,Tomato
2018-04-20,Kg,25,30,27.5,Tomato
2018-04-21,Kg,26,33,29.5,Tomato
2018-04-22,Kg,28,33,30.5,Tomato
2018-04-23,Kg,20,25,22.5,Tomato
2018-04-24,Kg,20,25,22.5,Tomato
2018-04-25,Kg,20,25,22.5,Tomato
2018-04-26,Kg,20,25,22.5,Tomato
2018-04-27,Kg,20,25,22.5,Tomato
2018-04-28,Kg,22,26,24.0,Tomato
2018-04-29,Kg,20,25,22.5,Tomato
2018-04-30,Kg,25,30,27.5,Tomato
2018-05-01,Kg,25,30,27.5,Tomato
2018-05-02,Kg,30,35,32.5,Tomato
2018-05-03,Kg,25,30,27.5,Tomato
2018-05-04,Kg,25,30,27.5,Tomato
2018-05-05,Kg,20,25,22.5,Tomato
2018-05-06,Kg,20,25,22.5,Tomato
2018-05-07,Kg,20,25,22.5,Tomato
2018-05-08,Kg,20,25,22.5,Tomato
2018-05-09,Kg,20,25,22.5,Tomato
2018-05-10,Kg,20,25,22.5,Tomato
2018-05-11,Kg,20,25,22.5,Tomato
2018-05-12,Kg,20,25,22.5,Tomato
2018-05-13,Kg,40,45,42.5,Tomato
2018-05-14,Kg,40,45,42.5,Tomato
2018-05-15,Kg,40,45,42.5,Tomato
2018-05-16,Kg,35,40,37.5,Tomato
2018-05-17,Kg,35,40,37.5,Tomato
2018-05-18,Kg,25,30,27.5,Tomato
2018-05-19,Kg,20,25,22.5,Tomato
2018-05-20,Kg,25,30,27.5,Tomato
2018-05-21,Kg,25,30,27.5,Tomato
2018-05-22,Kg,25,30,27.5,Tomato
2018-05-23,Kg,25,30,27.5,Tomato
2018-05-24,Kg,40,45,42.5,Tomato
2018-05-25,Kg,40,45,42.5,Tomato
2018-05-26,Kg,35,40,37.5,Tomato
2018-05-27,Kg,35,40,37.5,Tomato
2018-05-28,Kg,40,45,42.5,Tomato
2018-05-29,Kg,40,45,42.5,Tomato
2018-05-30,Kg,44,50,47.0,Tomato
2018-05-31,Kg,40,45,42.5,Tomato
2018-06-01,Kg,35,40,37.5,Tomato
2018-06-02,Kg,30,35,32.5,Tomato
2018-06-03,Kg,40,45,42.5,Tomato
2018-06-04,Kg,35,40,37.5,Tomato
2018-06-05,Kg,35,40,37.5,Tomato
2018-06-06,Kg,35,40,37.5,Tomato
2018-06-07,Kg,35,40,37.5,Tomato
2018-06-08,Kg,35,40,37.5,Tomato
2018-06-09,Kg,40,48,44.0,Tomato
2018-06-10,Kg,40,45,42.5,Tomato
2018-06-11,Kg,40,45,42.5,Tomato
2018-06-12,Kg,40,45,42.5,Tomato
2018-06-13,Kg,30,38,34.0,Tomato
2018-06-14,Kg,30,35,32.5,Tomato
2018-06-15,Kg,30,35,32.5,Tomato
2018-06-16,Kg,35,40,37.5,Tomato
2018-06-17,Kg,30,35,32.5,Tomato
2018-06-18,Kg,35,40,37.5,Tomato
2018-06-19,Kg,25,30,27.5,Tomato
2018-06-20,Kg,30,38,34.0,Tomato
2018-06-21,Kg,35,40,37.5,Tomato
2018-06-22,Kg,45,50,47.5,Tomato
2018-06-23,Kg,40,45,42.5,Tomato
2018-06-24,Kg,30,35,32.5,Tomato
2018-06-25,Kg,35,40,37.5,Tomato
2018-06-26,Kg,30,35,32.5,Tomato
2018-06-27,Kg,28,33,30.5,Tomato
2018-06-28,Kg,20,25,22.5,Tomato
2018-06-29,Kg,18,20,19.0,Tomato
2018-06-30,Kg,18,20,19.0,Tomato
2018-07-01,Kg,18,22,20.0,Tomato
2018-07-02,Kg,15,20,17.5,Tomato
2018-07-03,Kg,18,22,20.0,Tomato
2018-07-04,Kg,18,20,19.0,Tomato
2018-07-05,Kg,18,20,19.0,Tomato
2018-07-06,Kg,15,20,17.5,Tomato
2018-07-07,Kg,20,25,22.5,Tomato
2018-07-08,Kg,18,20,19.0,Tomato
2018-07-09,Kg,25,30,27.5,Tomato
2018-07-10,Kg,25,30,27.5,Tomato
2018-07-11,Kg,25,30,27.5,Tomato
2018-07-12,Kg,18,22,20.0,Tomato
2018-07-13,Kg,15,20,17.5,Tomato
2018-07-14,Kg,15,20,17.5,Tomato
2018-07-15,Kg,12,17,14.5,Tomato
2018-07-16,Kg,15,20,17.5,Tomato
2018-07-17,Kg,20,25,22.5,Tomato
2018-07-18,Kg,20,25,22.5,Tomato
2018-07-19,Kg,20,25,22.5,Tomato
2018-07-20,Kg,15,20,17.5,Tomato
2018-07-21,Kg,15,20,17.5,Tomato
2018-07-22,Kg,15,20,17.5,Tomato
2018-07-23,Kg,15,20,17.5,Tomato
2018-07-24,Kg,15,20,17.5,Tomato
2018-07-25,Kg,15,20,17.5,Tomato
2018-07-26,Kg,15,20,17.5,Tomato
2018-07-27,Kg,15,20,17.5,Tomato
2018-07-28,Kg,18,25,21.5,Tomato
2018-07-29,Kg,19,23,21.0,Tomato
2018-07-30,Kg,20,25,22.5,Tomato
2018-07-31,Kg,25,30,27.5,Tomato
2018-08-01,Kg,20,25,22.5,Tomato
2018-08-02,Kg,20,25,22.5,Tomato
2018-08-03,Kg,20,25,22.5,Tomato
2018-08-04,Kg,20,25,22.5,Tomato
2018-08-05,Kg,25,30,27.5,Tomato
2018-08-06,Kg,33,36,34.5,Tomato
2018-08-07,Kg,30,35,32.5,Tomato
2018-08-08,Kg,33,35,34.0,Tomato
2018-08-09,Kg,35,40,37.5,Tomato
2018-08-10,Kg,43,47,45.0,Tomato
2018-08-11,Kg,45,50,47.5,Tomato
2018-08-12,Kg,38,40,39.0,Tomato
2018-08-13,Kg,33,36,34.5,Tomato
2018-08-14,Kg,30,35,32.5,Tomato
2018-08-15,Kg,30,35,32.5,Tomato
2018-08-16,Kg,25,30,27.5,Tomato
2018-08-17,Kg,20,25,22.5,Tomato
2018-08-18,Kg,25,30,27.5,Tomato
2018-08-19,Kg,20,25,22.5,Tomato
2018-08-20,Kg,25,30,27.5,Tomato
2018-08-21,Kg,25,30,27.5,Tomato
2018-08-22,Kg,25,30,27.5,Tomato
2018-08-23,Kg,20,25,22.5,Tomato
2018-08-24,Kg,20,25,22.5,Tomato
2018-08-25,Kg,20,25,22.5,Tomato
2018-08-26,Kg,15,20,17.5,Tomato
2018-08-27,Kg,18,25,21.5,Tomato
2018-08-28,Kg,20,25,22.5,Tomato
2018-08-29,Kg,25,30,27.5,Tomato
2018-08-30,Kg,30,35,32.5,Tomato
2018-08-31,Kg,33,36,34.5,Tomato
2018-09-01,Kg,35,40,37.5,Tomato
2018-09-02,Kg,40,45,42.5,Tomato
2018-09-03,Kg,43,47,45.0,Tomato
2018-09-04,Kg,40,45,42.5,Tomato
2018-09-05,Kg,40,47,43.5,Tomato
2018-09-06,Kg,40,45,42.5,Tomato
2018-09-07,Kg,40,45,42.5,Tomato
2018-09-08,Kg,45,50,47.5,Tomato
2018-09-09,Kg,45,50,47.5,Tomato
2018-09-10,Kg,50,53,51.5,Tomato
2018-09-11,Kg,45,50,47.5,Tomato
2018-09-12,Kg,35,40,37.5,Tomato
2018-09-13,Kg,35,40,37.5,Tomato
2018-09-14,Kg,30,35,32.5,Tomato
2018-09-15,Kg,30,35,32.5,Tomato
2018-09-16,Kg,30,34,32.0,Tomato
2018-09-17,Kg,30,35,32.5,Tomato
2018-09-18,Kg,50,55,52.5,Tomato
2018-09-19,Kg,45,50,47.5,Tomato
2018-09-20,Kg,45,50,47.5,Tomato
2018-09-21,Kg,40,45,42.5,Tomato
2018-09-22,Kg,43,48,45.5,Tomato
2018-09-23,Kg,48,52,50.0,Tomato
2018-09-24,Kg,40,45,42.5,Tomato
2018-09-25,Kg,40,45,42.5,Tomato
2018-09-26,Kg,38,43,40.5,Tomato
2018-09-27,Kg,35,40,37.5,Tomato
2018-09-28,Kg,35,43,39.0,Tomato
2018-09-29,Kg,40,45,42.5,Tomato
2018-09-30,Kg,45,50,47.5,Tomato
2018-10-01,Kg,43,48,45.5,Tomato
2018-10-02,Kg,46,52,49.0,Tomato
2018-10-03,Kg,48,53,50.5,Tomato
2018-10-04,Kg,50,55,52.5,Tomato
2018-10-05,Kg,58,66,62.0,Tomato
2018-10-06,Kg,60,67,63.5,Tomato
2018-10-07,Kg,70,80,75.0,Tomato
2018-10-08,Kg,60,70,65.0,Tomato
2018-10-09,Kg,60,68,64.0,Tomato
2018-10-10,Kg,65,70,67.5,Tomato
2018-10-11,Kg,60,70,65.0,Tomato
2018-10-12,Kg,60,70,65.0,Tomato
2018-10-13,Kg,60,65,62.5,Tomato
2018-10-14,Kg,60,70,65.0,Tomato
2018-10-15,Kg,65,70,67.5,Tomato
2018-10-16,Kg,45,52,48.5,Tomato
2018-10-17,Kg,45,52,48.5,Tomato
2018-10-18,Kg,45,52,48.5,Tomato
2018-10-19,Kg,50,58,54.0,Tomato
2018-10-20,Kg,40,48,44.0,Tomato
2018-10-21,Kg,35,40,37.5,Tomato
2018-10-22,Kg,20,30,25.0,Tomato
2018-10-23,Kg,20,25,22.5,Tomato
2018-10-24,Kg,20,25,22.5,Tomato
2018-10-25,Kg,25,30,27.5,Tomato
2018-10-26,Kg,25,30,27.5,Tomato
2018-10-27,Kg,25,30,27.5,Tomato
2018-10-28,Kg,25,30,27.5,Tomato
2018-10-29,Kg,34,38,36.0,Tomato
2018-10-30,Kg,30,35,32.5,Tomato
2018-10-31,Kg,35,45,40.0,Tomato
2018-11-01,Kg,35,45,40.0,Tomato
2018-11-02,Kg,35,40,37.5,Tomato
2018-11-03,Kg,25,30,27.5,Tomato
2018-11-04,Kg,25,30,27.5,Tomato
2018-11-05,Kg,25,30,27.5,Tomato
2018-11-06,Kg,22,28,25.0,Tomato
2018-11-07,Kg,22,28,25.0,Tomato
2018-11-08,Kg,20,25,22.5,Tomato
2018-11-09,Kg,20,25,22.5,Tomato
2018-11-10,Kg,20,25,22.5,Tomato
2018-11-11,Kg,18,24,21.0,Tomato
2018-11-12,Kg,20,28,24.0,Tomato
2018-11-13,Kg,20,25,22.5,Tomato
2018-11-14,Kg,20,25,22.5,Tomato
2018-11-15,Kg,15,20,17.5,Tomato
2018-11-16,Kg,12,20,16.0,Tomato
2018-11-17,Kg,17,25,21.0,Tomato
2018-11-18,Kg,15,25,20.0,Tomato
2018-11-19,Kg,15,25,20.0,Tomato
2018-11-20,Kg,18,25,21.5,Tomato
2018-11-21,Kg,18,25,21.5,Tomato
2018-11-22,Kg,20,25,22.5,Tomato
2018-11-23,Kg,18,25,21.5,Tomato
2018-11-24,Kg,18,20,19.0,Tomato
2018-11-25,Kg,18,25,21.5,Tomato
2018-11-26,Kg,16,22,19.0,Tomato
2018-11-27,Kg,16,22,19.0,Tomato
2018-11-28,Kg,16,24,20.0,Tomato
2018-11-29,Kg,20,28,24.0,Tomato
2018-11-30,Kg,18,24,21.0,Tomato
2018-12-01,Kg,15,20,17.5,Tomato
2018-12-02,Kg,20,25,22.5,Tomato
2018-12-03,Kg,20,30,25.0,Tomato
2018-12-04,Kg,20,25,22.5,Tomato
2018-12-05,Kg,15,20,17.5,Tomato
2018-12-06,Kg,12,20,16.0,Tomato
2018-12-07,Kg,15,25,20.0,Tomato
2018-12-08,Kg,18,24,21.0,Tomato
2018-12-09,Kg,15,25,20.0,Tomato
2018-12-10,Kg,20,25,22.5,Tomato
2018-12-11,Kg,15,25,20.0,Tomato
2018-12-12,Kg,20,25,22.5,Tomato
2018-12-13,Kg,15,25,20.0,Tomato
2018-12-14,Kg,20,25,22.5,Tomato
2018-12-15,Kg,20,25,22.5,Tomato
2018-12-16,Kg,20,25,22.5,Tomato
2018-12-17,Kg,18,25,21.5,Tomato
2018-12-18,Kg,15,25,20.0,Tomato
2018-12-19,Kg,15,20,17.5,Tomato
2018-12-20,Kg,15,20,17.5,Tomato
2018-12-21,Kg,10,20,15.0,Tomato
2018-12-22,Kg,18,22,20.0,Tomato
2018-12-23,Kg,15,20,17.5,Tomato
2018-12-24,Kg,15,20,17.5,Tomato
2018-12-25,Kg,18,22,20.0,Tomato
2018-12-26,Kg,15,20,17.5,Tomato
2018-12-27,Kg,15,20,17.5,Tomato
2018-12-28,Kg,15,20,17.5,Tomato
2018-12-29,Kg,15,20,17.5,Tomato
2018-12-30,Kg,15,20,17.5,Tomato
2018-12-31,Kg,20,30,25.0,Tomato
2019-01-01,Kg,20,25,22.5,Tomato
2019-01-02,Kg,20,25,22.5,Tomato
2019-01-03,Kg,20,25,22.5,Tomato
2019-01-04,Kg,20,25,22.5,Tomato
2019-01-05,Kg,22,28,25.0,Tomato
2019-01-06,Kg,30,35,32.5,Tomato
2019-01-07,Kg,30,35,32.5,Tomato
2019-01-08,Kg,30,35,32.5,Tomato
2019-01-09,Kg,30,35,32.5,Tomato
2019-01-10,Kg,30,35,32.5,Tomato
2019-01-11,Kg,30,35,32.5,Tomato
2019-01-12,Kg,28,30,29.0,Tomato
2019-01-13,Kg,30,35,32.5,Tomato
2019-01-14,Kg,20,30,25.0,Tomato
2019-01-15,Kg,30,35,32.5,Tomato
2019-01-16,Kg,25,30,27.5,Tomato
2019-01-17,Kg,22,28,25.0,Tomato
2019-01-18,Kg,25,30,27.5,Tomato
2019-01-19,Kg,20,25,22.5,Tomato
2019-01-20,Kg,20,25,22.5,Tomato
2019-01-21,Kg,20,25,22.5,Tomato
2019-01-22,Kg,20,25,22.5,Tomato
2019-01-23,Kg,18,22,20.0,Tomato
2019-01-24,Kg,15,20,17.5,Tomato
2019-01-25,Kg,15,20,17.5,Tomato
2019-01-26,Kg,18,24,21.0,Tomato
2019-01-27,Kg,15,20,17.5,Tomato
2019-01-28,Kg,15,20,17.5,Tomato
2019-01-29,Kg,20,25,22.5,Tomato
2019-01-30,Kg,20,25,22.5,Tomato
2019-01-31,Kg,20,25,22.5,Tomato
2019-02-01,Kg,20,25,22.5,Tomato
2019-02-02,Kg,20,25,22.5,Tomato
2019-02-03,Kg,15,20,17.5,Tomato
2019-02-04,Kg,15,20,17.5,Tomato
2019-02-05,Kg,15,20,17.5,Tomato
2019-02-06,Kg,15,20,17.5,Tomato
2019-02-07,Kg,15,20,17.5,Tomato
2019-02-08,Kg,20,25,22.5,Tomato
2019-02-09,Kg,25,30,27.5,Tomato
2019-02-10,Kg,30,35,32.5,Tomato
2019-02-11,Kg,35,40,37.5,Tomato
2019-02-12,Kg,25,35,30.0,Tomato
2019-02-13,Kg,20,25,22.5,Tomato
2019-02-14,Kg,20,25,22.5,Tomato
2019-02-15,Kg,25,30,27.5,Tomato
2019-02-16,Kg,25,30,27.5,Tomato
2019-02-17,Kg,20,25,22.5,Tomato
2019-02-18,Kg,20,25,22.5,Tomato
2019-02-19,Kg,23,30,26.5,Tomato
2019-02-20,Kg,25,30,27.5,Tomato
2019-02-21,Kg,30,35,32.5,Tomato
2019-02-22,Kg,30,35,32.5,Tomato
2019-02-23,Kg,30,35,32.5,Tomato
2019-02-24,Kg,30,35,32.5,Tomato
2019-02-25,Kg,30,35,32.5,Tomato
2019-02-26,Kg,30,35,32.5,Tomato
2019-02-27,Kg,30,35,32.5,Tomato
2019-02-28,Kg,30,35,32.5,Tomato
2019-03-01,Kg,30,35,32.5,Tomato
2019-03-02,Kg,35,40,37.5,Tomato
2019-03-03,Kg,35,40,37.5,Tomato
2019-03-05,Kg,35,40,37.5,Tomato
2019-03-06,Kg,35,40,37.5,Tomato
2019-03-07,Kg,40,45,42.5,Tomato
2019-03-08,Kg,40,45,42.5,Tomato
2019-03-09,Kg,40,45,42.5,Tomato
2019-03-10,Kg,40,45,42.5,Tomato
2019-03-11,Kg,40,45,42.5,Tomato
2019-03-12,Kg,40,45,42.5,Tomato
2019-03-13,Kg,40,45,42.5,Tomato
2019-03-14,Kg,40,45,42.5,Tomato
2019-03-15,Kg,55,60,57.5,Tomato
2019-03-16,Kg,55,60,57.5,Tomato
2019-03-17,Kg,50,55,52.5,Tomato
2019-03-18,Kg,50,55,52.5,Tomato
2019-03-19,Kg,50,55,52.5,Tomato
2019-03-20,Kg,50,55,52.5,Tomato
2019-03-21,Kg,50,55,52.5,Tomato
2019-03-22,Kg,45,50,47.5,Tomato
2019-03-23,Kg,55,60,57.5,Tomato
2019-03-24,Kg,55,60,57.5,Tomato
2019-03-25,Kg,55,60,57.5,Tomato
2019-03-26,Kg,55,60,57.5,Tomato
2019-03-27,Kg,45,50,47.5,Tomato
2019-03-28,Kg,45,50,47.5,Tomato
2019-03-29,Kg,35,40,37.5,Tomato
2019-03-30,Kg,35,40,37.5,Tomato
2019-03-31,Kg,28,33,30.5,Tomato
2019-04-01,Kg,25,30,27.5,Tomato
2019-04-02,Kg,25,30,27.5,Tomato
2019-04-03,Kg,30,35,32.5,Tomato
2019-04-04,Kg,40,45,42.5,Tomato
2019-04-05,Kg,35,40,37.5,Tomato
2019-04-06,Kg,35,40,37.5,Tomato
2019-04-07,Kg,35,40,37.5,Tomato
2019-04-08,Kg,35,40,37.5,Tomato
2019-04-09,Kg,35,40,37.5,Tomato
2019-04-10,Kg,35,40,37.5,Tomato
2019-04-11,Kg,30,35,32.5,Tomato
2019-04-12,Kg,30,35,32.5,Tomato
2019-04-13,Kg,32,38,35.0,Tomato
2019-04-14,Kg,30,35,32.5,Tomato
2019-04-15,Kg,35,40,37.5,Tomato
2019-04-16,Kg,30,35,32.5,Tomato
2019-04-17,Kg,30,35,32.5,Tomato
2019-04-18,Kg,35,40,37.5,Tomato
2019-04-19,Kg,35,40,37.5,Tomato
2019-04-20,Kg,40,45,42.5,Tomato
2019-04-21,Kg,40,45,42.5,Tomato
2019-04-22,Kg,40,45,42.5,Tomato
2019-04-23,Kg,40,45,42.5,Tomato
2019-04-24,Kg,38,43,40.5,Tomato
2019-04-25,Kg,38,42,40.0,Tomato
2019-04-26,Kg,38,40,39.0,Tomato
2019-04-27,Kg,40,45,42.5,Tomato
2019-04-28,Kg,45,50,47.5,Tomato
2019-04-29,Kg,55,60,57.5,Tomato
2019-04-30,Kg,70,75,72.5,Tomato
2019-05-01,Kg,70,75,72.5,Tomato
2019-05-02,Kg,65,70,67.5,Tomato
2019-05-03,Kg,60,65,62.5,Tomato
2019-05-04,Kg,60,65,62.5,Tomato
2019-05-05,Kg,65,70,67.5,Tomato
2019-05-06,Kg,65,70,67.5,Tomato
2019-05-07,Kg,60,65,62.5,Tomato
2019-05-08,Kg,65,70,67.5,Tomato
2019-05-09,Kg,60,65,62.5,Tomato
2019-05-10,Kg,65,70,67.5,Tomato
2019-05-11,Kg,75,80,77.5,Tomato
2019-05-12,Kg,85,90,87.5,Tomato
2019-05-13,Kg,85,90,87.5,Tomato
2019-05-14,Kg,85,90,87.5,Tomato
2019-05-15,Kg,95,100,97.5,Tomato
2019-05-16,Kg,75,80,77.5,Tomato
2019-05-17,Kg,75,80,77.5,Tomato
2019-05-18,Kg,75,80,77.5,Tomato
2019-05-19,Kg,75,80,77.5,Tomato
2019-05-20,Kg,75,80,77.5,Tomato
2019-05-21,Kg,75,80,77.5,Tomato
2019-05-22,Kg,80,90,85.0,Tomato
2019-05-23,Kg,75,85,80.0,Tomato
2019-05-24,Kg,75,80,77.5,Tomato
2019-05-25,Kg,65,78,71.5,Tomato
2019-05-26,Kg,65,75,70.0,Tomato
2019-05-27,Kg,55,65,60.0,Tomato
2019-05-28,Kg,55,65,60.0,Tomato
2019-05-29,Kg,65,75,70.0,Tomato
2019-05-30,Kg,70,80,75.0,Tomato
2019-05-31,Kg,65,75,70.0,Tomato
2019-06-01,Kg,65,70,67.5,Tomato
2019-06-02,Kg,65,75,70.0,Tomato
2019-06-03,Kg,65,70,67.5,Tomato
2019-06-04,Kg,60,65,62.5,Tomato
2019-06-05,Kg,40,48,44.0,Tomato
2019-06-06,Kg,40,45,42.5,Tomato
2019-06-07,Kg,40,45,42.5,Tomato
2019-06-08,Kg,45,50,47.5,Tomato
2019-06-09,Kg,40,45,42.5,Tomato
2019-06-10,Kg,40,45,42.5,Tomato
2019-06-11,Kg,40,45,42.5,Tomato
2019-06-12,Kg,40,50,45.0,Tomato
2019-06-13,Kg,45,50,47.5,Tomato
2019-06-14,Kg,40,45,42.5,Tomato
2019-06-15,Kg,40,45,42.5,Tomato
2019-06-16,Kg,35,40,37.5,Tomato
2019-06-17,Kg,35,40,37.5,Tomato
2019-06-18,Kg,30,35,32.5,Tomato
2019-06-19,Kg,30,35,32.5,Tomato
2019-06-20,Kg,30,35,32.5,Tomato
2019-06-21,Kg,20,25,22.5,Tomato
2019-06-22,Kg,15,20,17.5,Tomato
2019-06-23,Kg,15,20,17.5,Tomato
2019-06-24,Kg,25,30,27.5,Tomato
2019-06-25,Kg,25,30,27.5,Tomato
2019-06-26,Kg,20,25,22.5,Tomato
2019-06-27,Kg,20,25,22.5,Tomato
2019-06-28,Kg,20,25,22.5,Tomato
2019-06-29,Kg,20,25,22.5,Tomato
2019-06-30,Kg,20,25,22.5,Tomato
2019-07-01,Kg,20,25,22.5,Tomato
2019-07-02,Kg,35,40,37.5,Tomato
2019-07-03,Kg,28,34,31.0,Tomato
2019-07-04,Kg,35,40,37.5,Tomato
2019-07-05,Kg,38,42,40.0,Tomato
2019-07-06,Kg,35,40,37.5,Tomato
2019-07-07,Kg,40,45,42.5,Tomato
2019-07-08,Kg,38,42,40.0,Tomato
2019-07-09,Kg,35,40,37.5,Tomato
2019-07-10,Kg,40,45,42.5,Tomato
2019-07-11,Kg,50,55,52.5,Tomato
2019-07-12,Kg,45,50,47.5,Tomato
2019-07-13,Kg,60,66,63.0,Tomato
2019-07-14,Kg,65,70,67.5,Tomato
2019-07-15,Kg,65,70,67.5,Tomato
2019-07-16,Kg,65,75,70.0,Tomato
2019-07-17,Kg,70,80,75.0,Tomato
2019-07-18,Kg,75,80,77.5,Tomato
2019-07-19,Kg,65,70,67.5,Tomato
2019-07-20,Kg,65,70,67.5,Tomato
2019-07-21,Kg,65,70,67.5,Tomato
2019-07-22,Kg,60,65,62.5,Tomato
2019-07-23,Kg,50,60,55.0,Tomato
2019-07-24,Kg,45,50,47.5,Tomato
2019-07-25,Kg,40,45,42.5,Tomato
2019-07-26,Kg,45,50,47.5,Tomato
2019-07-27,Kg,40,45,42.5,Tomato
2019-07-28,Kg,42,50,46.0,Tomato
2019-07-29,Kg,45,50,47.5,Tomato
2019-07-30,Kg,50,60,55.0,Tomato
2019-07-31,Kg,58,62,60.0,Tomato
2019-08-01,Kg,60,65,62.5,Tomato
2019-08-02,Kg,60,65,62.5,Tomato
2019-08-03,Kg,55,60,57.5,Tomato
2019-08-04,Kg,55,60,57.5,Tomato
2019-08-05,Kg,50,55,52.5,Tomato
2019-08-06,Kg,50,55,52.5,Tomato
2019-08-07,Kg,55,60,57.5,Tomato
2019-08-08,Kg,60,65,62.5,Tomato
2019-08-09,Kg,60,65,62.5,Tomato
2019-08-10,Kg,58,65,61.5,Tomato
2019-08-11,Kg,58,65,61.5,Tomato
2019-08-12,Kg,58,65,61.5,Tomato
2019-08-13,Kg,60,70,65.0,Tomato
2019-08-14,Kg,60,65,62.5,Tomato
2019-08-15,Kg,75,80,77.5,Tomato
2019-08-16,Kg,75,80,77.5,Tomato
2019-08-17,Kg,75,85,80.0,Tomato
2019-08-18,Kg,80,86,83.0,Tomato
2019-08-19,Kg,85,90,87.5,Tomato
2019-08-20,Kg,90,95,92.5,Tomato
2019-08-21,Kg,85,95,90.0,Tomato
2019-08-22,Kg,80,90,85.0,Tomato
2019-08-23,Kg,70,80,75.0,Tomato
2019-08-24,Kg,70,75,72.5,Tomato
2019-08-25,Kg,70,75,72.5,Tomato
2019-08-26,Kg,70,80,75.0,Tomato
2019-08-27,Kg,55,60,57.5,Tomato
2019-08-28,Kg,50,55,52.5,Tomato
2019-08-29,Kg,45,55,50.0,Tomato
2019-08-30,Kg,50,55,52.5,Tomato
2019-08-31,Kg,45,50,47.5,Tomato
2019-09-01,Kg,40,50,45.0,Tomato
2019-09-02,Kg,40,46,43.0,Tomato
2019-09-03,Kg,40,47,43.5,Tomato
2019-09-04,Kg,34,40,37.0,Tomato
2019-09-05,Kg,30,35,32.5,Tomato
2019-09-06,Kg,30,35,32.5,Tomato
2019-09-07,Kg,30,35,32.5,Tomato
2019-09-08,Kg,35,40,37.5,Tomato
2019-09-09,Kg,45,50,47.5,Tomato
2019-09-10,Kg,40,45,42.5,Tomato
2019-09-11,Kg,40,45,42.5,Tomato
2019-09-12,Kg,35,40,37.5,Tomato
2019-09-13,Kg,35,40,37.5,Tomato
2019-09-14,Kg,30,35,32.5,Tomato
2019-09-15,Kg,30,35,32.5,Tomato
2019-09-16,Kg,30,35,32.5,Tomato
2019-09-17,Kg,30,35,32.5,Tomato
2019-09-18,Kg,32,40,36.0,Tomato
2019-09-19,Kg,35,40,37.5,Tomato
2019-09-20,Kg,30,40,35.0,Tomato
2019-09-21,Kg,35,40,37.5,Tomato
2019-09-22,Kg,40,50,45.0,Tomato
2019-09-23,Kg,50,57,53.5,Tomato
2019-09-24,Kg,50,55,52.5,Tomato
2019-09-25,Kg,40,50,45.0,Tomato
2019-09-26,Kg,35,40,37.5,Tomato
2019-09-27,Kg,30,40,35.0,Tomato
2019-09-28,Kg,30,35,32.5,Tomato
2019-09-29,Kg,35,40,37.5,Tomato
2019-09-30,Kg,35,40,37.5,Tomato
2019-10-01,Kg,35,40,37.5,Tomato
2019-10-02,Kg,35,45,40.0,Tomato
2019-10-03,Kg,40,45,42.5,Tomato
2019-10-04,Kg,45,50,47.5,Tomato
2019-10-05,Kg,45,50,47.5,Tomato
2019-10-06,Kg,55,60,57.5,Tomato
2019-10-08,Kg,65,70,67.5,Tomato
2019-10-09,Kg,70,75,72.5,Tomato
2019-10-10,Kg,35,40,37.5,Tomato
2019-10-11,Kg,30,35,32.5,Tomato
2019-10-12,Kg,30,35,32.5,Tomato
2019-10-13,Kg,25,30,27.5,Tomato
2019-10-14,Kg,30,35,32.5,Tomato
2019-10-15,Kg,33,38,35.5,Tomato
2019-10-16,Kg,38,45,41.5,Tomato
2019-10-17,Kg,40,45,42.5,Tomato
2019-10-18,Kg,45,50,47.5,Tomato
2019-10-19,Kg,40,45,42.5,Tomato
2019-10-20,Kg,48,53,50.5,Tomato
2019-10-21,Kg,50,55,52.5,Tomato
2019-10-22,Kg,50,60,55.0,Tomato
2019-10-23,Kg,50,55,52.5,Tomato
2019-10-24,Kg,55,60,57.5,Tomato
2019-10-25,Kg,65,75,70.0,Tomato
2019-10-26,Kg,75,80,77.5,Tomato
2019-10-27,Kg,80,90,85.0,Tomato
2019-10-28,Kg,60,70,65.0,Tomato
2019-10-29,Kg,80,90,85.0,Tomato
2019-10-30,Kg,115,120,117.5,Tomato
2019-10-31,Kg,80,90,85.0,Tomato
2019-11-01,Kg,80,90,85.0,Tomato
2019-11-02,Kg,60,70,65.0,Tomato
2019-11-03,Kg,60,65,62.5,Tomato
2019-11-04,Kg,80,90,85.0,Tomato
2019-11-05,Kg,85,90,87.5,Tomato
2019-11-06,Kg,80,90,85.0,Tomato
2019-11-07,Kg,70,80,75.0,Tomato
2019-11-08,Kg,60,70,65.0,Tomato
2019-11-09,Kg,60,70,65.0,Tomato
2019-11-10,Kg,55,65,60.0,Tomato
2019-11-11,Kg,45,55,50.0,Tomato
2019-11-12,Kg,40,50,45.0,Tomato
2019-11-13,Kg,35,45,40.0,Tomato
2019-11-14,Kg,35,45,40.0,Tomato
2019-11-15,Kg,35,45,40.0,Tomato
2019-11-16,Kg,35,40,37.5,Tomato
2019-11-17,Kg,35,40,37.5,Tomato
2019-11-18,Kg,30,35,32.5,Tomato
2019-11-19,Kg,30,40,35.0,Tomato
2019-11-20,Kg,30,35,32.5,Tomato
2019-11-21,Kg,30,40,35.0,Tomato
2019-11-22,Kg,30,35,32.5,Tomato
2019-11-23,Kg,30,40,35.0,Tomato
2019-11-24,Kg,30,35,32.5,Tomato
2019-11-25,Kg,25,35,30.0,Tomato
2019-11-26,Kg,25,30,27.5,Tomato
2019-11-27,Kg,20,30,25.0,Tomato
2019-11-28,Kg,20,25,22.5,Tomato
2019-11-29,Kg,20,28,24.0,Tomato
2019-11-30,Kg,22,30,26.0,Tomato
2019-12-01,Kg,30,35,32.5,Tomato
2019-12-02,Kg,30,35,32.5,Tomato
2019-12-03,Kg,30,35,32.5,Tomato
2019-12-04,Kg,30,35,32.5,Tomato
2019-12-05,Kg,35,45,40.0,Tomato
2019-12-06,Kg,45,50,47.5,Tomato
2019-12-07,Kg,45,50,47.5,Tomato
2019-12-08,Kg,40,45,42.5,Tomato
2019-12-09,Kg,40,50,45.0,Tomato
2019-12-10,Kg,40,50,45.0,Tomato
2019-12-11,Kg,35,45,40.0,Tomato
2019-12-12,Kg,35,40,37.5,Tomato
2019-12-13,Kg,38,45,41.5,Tomato
2019-12-14,Kg,40,50,45.0,Tomato
2019-12-15,Kg,50,55,52.5,Tomato
2019-12-16,Kg,35,45,40.0,Tomato
2019-12-17,Kg,30,40,35.0,Tomato
2019-12-18,Kg,35,40,37.5,Tomato
2019-12-19,Kg,20,30,25.0,Tomato
2019-12-20,Kg,20,30,25.0,Tomato
2019-12-21,Kg,20,25,22.5,Tomato
2019-12-22,Kg,30,40,35.0,Tomato
2019-12-23,Kg,35,40,37.5,Tomato
2019-12-24,Kg,20,30,25.0,Tomato
2019-12-25,Kg,20,30,25.0,Tomato
2019-12-26,Kg,30,35,32.5,Tomato
2019-12-27,Kg,20,30,25.0,Tomato
2019-12-28,Kg,25,30,27.5,Tomato
2019-12-29,Kg,25,30,27.5,Tomato
2019-12-30,Kg,25,30,27.5,Tomato
2019-12-31,Kg,40,45,42.5,Tomato
2020-01-01,Kg,35,45,40.0,Tomato
2020-01-02,Kg,40,50,45.0,Tomato
2020-01-03,Kg,43,50,46.5,Tomato
2020-01-04,Kg,45,55,50.0,Tomato
2020-01-05,Kg,40,50,45.0,Tomato
2020-01-06,Kg,40,50,45.0,Tomato
2020-01-07,Kg,35,40,37.5,Tomato
2020-01-08,Kg,35,40,37.5,Tomato
2020-01-09,Kg,20,30,25.0,Tomato
2020-01-10,Kg,25,35,30.0,Tomato
2020-01-11,Kg,20,25,22.5,Tomato
2020-01-12,Kg,25,30,27.5,Tomato
2020-01-13,Kg,40,45,42.5,Tomato
2020-01-14,Kg,35,40,37.5,Tomato
2020-01-15,Kg,30,35,32.5,Tomato
2020-01-16,Kg,20,30,25.0,Tomato
2020-01-17,Kg,20,30,25.0,Tomato
2020-01-18,Kg,25,30,27.5,Tomato
2020-01-19,Kg,25,30,27.5,Tomato
2020-01-20,Kg,25,30,27.5,Tomato
2020-01-21,Kg,20,25,22.5,Tomato
2020-01-22,Kg,20,30,25.0,Tomato
2020-01-23,Kg,20,25,22.5,Tomato
2020-01-24,Kg,14,20,17.0,Tomato
2020-01-25,Kg,15,20,17.5,Tomato
2020-01-26,Kg,20,25,22.5,Tomato
2020-01-27,Kg,25,30,27.5,Tomato
2020-01-28,Kg,15,25,20.0,Tomato
2020-01-29,Kg,15,25,20.0,Tomato
2020-01-30,Kg,15,25,20.0,Tomato
2020-01-31,Kg,20,25,22.5,Tomato
2020-02-01,Kg,15,20,17.5,Tomato
2020-02-02,Kg,15,25,20.0,Tomato
2020-02-03,Kg,15,20,17.5,Tomato
2020-02-04,Kg,15,20,17.5,Tomato
2020-02-05,Kg,22,25,23.5,Tomato
2020-02-06,Kg,15,20,17.5,Tomato
2020-02-07,Kg,15,20,17.5,Tomato
2020-02-08,Kg,15,20,17.5,Tomato
2020-02-09,Kg,15,20,17.5,Tomato
2020-02-10,Kg,12,20,16.0,Tomato
2020-02-11,Kg,10,15,12.5,Tomato
2020-02-12,Kg,10,15,12.5,Tomato
2020-02-13,Kg,10,15,12.5,Tomato
2020-02-14,Kg,20,25,22.5,Tomato
2020-02-15,Kg,20,25,22.5,Tomato
2020-02-16,Kg,20,25,22.5,Tomato
2020-02-17,Kg,20,25,22.5,Tomato
2020-02-18,Kg,20,25,22.5,Tomato
2020-02-19,Kg,14,20,17.0,Tomato
2020-02-20,Kg,15,20,17.5,Tomato
2020-02-21,Kg,12,20,16.0,Tomato
2020-02-22,Kg,10,15,12.5,Tomato
2020-02-23,Kg,15,20,17.5,Tomato
2020-02-24,Kg,15,20,17.5,Tomato
2020-02-25,Kg,15,20,17.5,Tomato
2020-02-26,Kg,15,20,17.5,Tomato
2020-02-27,Kg,20,25,22.5,Tomato
2020-02-28,Kg,10,15,12.5,Tomato
2020-02-29,Kg,12,20,16.0,Tomato
2020-03-01,Kg,30,40,35.0,Tomato
2020-03-02,Kg,25,30,27.5,Tomato
2020-03-04,Kg,25,30,27.5,Tomato
2020-03-05,Kg,25,30,27.5,Tomato
2020-03-06,Kg,30,35,32.5,Tomato
2020-03-07,Kg,40,45,42.5,Tomato
2020-03-08,Kg,30,35,32.5,Tomato
2020-03-09,Kg,25,30,27.5,Tomato
2020-03-10,Kg,25,30,27.5,Tomato
2020-03-11,Kg,25,30,27.5,Tomato
2020-03-12,Kg,25,30,27.5,Tomato
2020-03-13,Kg,30,35,32.5,Tomato
2020-03-14,Kg,30,35,32.5,Tomato
2020-03-15,Kg,35,40,37.5,Tomato
2020-03-16,Kg,35,40,37.5,Tomato
2020-03-17,Kg,35,40,37.5,Tomato
2020-03-18,Kg,35,40,37.5,Tomato
2020-03-19,Kg,35,40,37.5,Tomato
2020-03-20,Kg,35,40,37.5,Tomato
2020-03-21,Kg,35,40,37.5,Tomato
2020-03-22,Kg,50,55,52.5,Tomato
2020-03-23,Kg,55,60,57.5,Tomato
2020-03-25,Kg,50,60,55.0,Tomato
2020-03-26,Kg,75,80,77.5,Tomato
2020-03-27,Kg,65,70,67.5,Tomato
2020-03-28,Kg,65,70,67.5,Tomato
2020-03-29,Kg,75,80,77.5,Tomato
2020-03-30,Kg,80,85,82.5,Tomato
2020-03-31,Kg,55,60,57.5,Tomato
2020-04-01,Kg,45,50,47.5,Tomato
2020-04-02,Kg,45,50,47.5,Tomato
2020-04-03,Kg,35,40,37.5,Tomato
2020-04-04,Kg,35,40,37.5,Tomato
2020-04-05,Kg,35,40,37.5,Tomato
2020-04-06,Kg,35,40,37.5,Tomato
2020-04-07,Kg,45,50,47.5,Tomato
2020-04-08,Kg,45,50,47.5,Tomato
2020-04-22,Kg,20,25,22.5,Tomato
2020-04-23,Kg,15,20,17.5,Tomato
2020-04-24,Kg,20,25,22.5,Tomato
2020-04-25,Kg,20,25,22.5,Tomato
2020-04-26,Kg,20,25,22.5,Tomato
2020-04-27,Kg,20,25,22.5,Tomato
2020-04-28,Kg,20,25,22.5,Tomato
2020-04-29,Kg,20,25,22.5,Tomato
2020-04-30,Kg,20,25,22.5,Tomato
2020-05-01,Kg,20,25,22.5,Tomato
2020-05-02,Kg,20,25,22.5,Tomato
2020-05-03,Kg,25,30,27.5,Tomato
2020-05-04,Kg,25,30,27.5,Tomato
2020-05-05,Kg,25,30,27.5,Tomato
2020-05-06,Kg,30,35,32.5,Tomato
2020-05-07,Kg,25,30,27.5,Tomato
2020-05-08,Kg,25,30,27.5,Tomato
2020-05-09,Kg,25,30,27.5,Tomato
2020-05-10,Kg,30,35,32.5,Tomato
2020-05-11,Kg,35,40,37.5,Tomato
2020-05-12,Kg,35,40,37.5,Tomato
2020-05-13,Kg,35,40,37.5,Tomato
2020-05-14,Kg,35,40,37.5,Tomato
2020-05-15,Kg,30,35,32.5,Tomato
2020-05-16,Kg,30,35,32.5,Tomato
2020-05-17,Kg,45,50,47.5,Tomato
2020-05-18,Kg,40,45,42.5,Tomato
2020-05-19,Kg,25,35,30.0,Tomato
2020-05-20,Kg,30,35,32.5,Tomato
2020-05-22,Kg,20,25,22.5,Tomato
2020-05-23,Kg,15,20,17.5,Tomato
2020-05-24,Kg,15,20,17.5,Tomato
2020-05-25,Kg,15,20,17.5,Tomato
2020-05-26,Kg,15,20,17.5,Tomato
2020-05-27,Kg,15,20,17.5,Tomato
2020-05-28,Kg,20,25,22.5,Tomato
2020-05-29,Kg,20,25,22.5,Tomato
2020-05-30,Kg,15,20,17.5,Tomato
2020-05-31,Kg,10,15,12.5,Tomato
2020-06-01,Kg,15,20,17.5,Tomato
2020-06-02,Kg,10,15,12.5,Tomato
2020-06-03,Kg,15,20,17.5,Tomato
2020-06-04,Kg,15,20,17.5,Tomato
2020-06-05,Kg,25,30,27.5,Tomato
2020-06-06,Kg,35,40,37.5,Tomato
2020-06-07,Kg,25,30,27.5,Tomato
2020-06-08,Kg,30,35,32.5,Tomato
2020-06-09,Kg,25,30,27.5,Tomato
2020-06-10,Kg,25,30,27.5,Tomato
2020-06-11,Kg,25,30,27.5,Tomato
2020-06-12,Kg,25,30,27.5,Tomato
2020-06-13,Kg,20,25,22.5,Tomato
2020-06-14,Kg,25,30,27.5,Tomato
2020-06-15,Kg,25,30,27.5,Tomato
2020-06-16,Kg,25,30,27.5,Tomato
2020-06-17,Kg,20,25,22.5,Tomato
2020-06-18,Kg,22,25,23.5,Tomato
2020-06-19,Kg,15,20,17.5,Tomato
2020-06-20,Kg,15,20,17.5,Tomato
2020-06-21,Kg,15,20,17.5,Tomato
2020-06-22,Kg,15,20,17.5,Tomato
2020-06-23,Kg,15,20,17.5,Tomato
2020-06-24,Kg,15,20,17.5,Tomato
2020-06-25,Kg,15,20,17.5,Tomato
2020-06-26,Kg,25,30,27.5,Tomato
2020-06-27,Kg,25,30,27.5,Tomato
2020-06-28,Kg,25,30,27.5,Tomato
2020-06-29,Kg,20,25,22.5,Tomato
2020-06-30,Kg,20,25,22.5,Tomato
2020-07-01,Kg,15,20,17.5,Tomato
2020-07-02,Kg,10,15,12.5,Tomato
2020-07-03,Kg,10,15,12.5,Tomato
2020-07-04,Kg,10,15,12.5,Tomato
2020-07-05,Kg,15,20,17.5,Tomato
2020-07-06,Kg,15,20,17.5,Tomato
2020-07-07,Kg,15,20,17.5,Tomato
2020-07-08,Kg,15,20,17.5,Tomato
2020-07-09,Kg,12,18,15.0,Tomato
2020-07-10,Kg,12,18,15.0,Tomato
2020-07-11,Kg,10,15,12.5,Tomato
2020-07-13,Kg,10,15,12.5,Tomato
2020-07-14,Kg,10,15,12.5,Tomato
2020-07-15,Kg,10,15,12.5,Tomato
2020-07-16,Kg,10,15,12.5,Tomato
2020-07-17,Kg,12,18,15.0,Tomato
2020-07-18,Kg,13,18,15.5,Tomato
2020-07-19,Kg,12,18,15.0,Tomato
2020-07-20,Kg,12,18,15.0,Tomato
2020-07-21,Kg,15,20,17.5,Tomato
2020-07-22,Kg,15,20,17.5,Tomato
2020-07-23,Kg,15,20,17.5,Tomato
2020-07-24,Kg,18,22,20.0,Tomato
2020-07-25,Kg,25,30,27.5,Tomato
2020-07-26,Kg,28,35,31.5,Tomato
2020-07-27,Kg,35,40,37.5,Tomato
2020-07-28,Kg,40,50,45.0,Tomato
2020-07-29,Kg,40,45,42.5,Tomato
2020-07-30,Kg,45,50,47.5,Tomato
2020-07-31,Kg,45,50,47.5,Tomato
2020-08-01,Kg,40,45,42.5,Tomato
2020-08-02,Kg,40,45,42.5,Tomato
2020-08-03,Kg,45,50,47.5,Tomato
2020-08-04,Kg,40,45,42.5,Tomato
2020-08-05,Kg,40,45,42.5,Tomato
2020-08-06,Kg,40,45,42.5,Tomato
2020-08-07,Kg,35,40,37.5,Tomato
2020-08-08,Kg,35,40,37.5,Tomato
2020-08-09,Kg,34,40,37.0,Tomato
2020-08-10,Kg,30,35,32.5,Tomato
2020-08-11,Kg,28,33,30.5,Tomato
2020-08-12,Kg,25,30,27.5,Tomato
2020-08-13,Kg,25,30,27.5,Tomato
2020-08-14,Kg,25,30,27.5,Tomato
2020-08-15,Kg,25,30,27.5,Tomato
2020-08-16,Kg,25,30,27.5,Tomato
2020-08-17,Kg,35,40,37.5,Tomato
2020-08-18,Kg,45,50,47.5,Tomato
2020-08-19,Kg,55,60,57.5,Tomato
2020-08-20,Kg,65,70,67.5,Tomato
2020-08-21,Kg,60,65,62.5,Tomato
2020-08-22,Kg,60,65,62.5,Tomato
2020-08-23,Kg,60,65,62.5,Tomato
2020-08-24,Kg,50,60,55.0,Tomato
2020-08-25,Kg,50,60,55.0,Tomato
2020-08-26,Kg,40,50,45.0,Tomato
2020-08-27,Kg,50,55,52.5,Tomato
2020-08-28,Kg,75,80,77.5,Tomato
2020-08-29,Kg,75,80,77.5,Tomato
2020-08-30,Kg,70,75,72.5,Tomato
2020-08-31,Kg,65,70,67.5,Tomato
2020-09-01,Kg,45,50,47.5,Tomato
2020-09-02,Kg,50,55,52.5,Tomato
2020-09-03,Kg,50,60,55.0,Tomato
2020-09-04,Kg,50,60,55.0,Tomato
2020-09-05,Kg,50,60,55.0,Tomato
2020-09-06,Kg,50,60,55.0,Tomato
2020-09-07,Kg,45,50,47.5,Tomato
2020-09-08,Kg,45,50,47.5,Tomato
2020-09-09,Kg,40,45,42.5,Tomato
2020-09-10,Kg,40,45,42.5,Tomato
2020-09-11,Kg,40,45,42.5,Tomato
2020-09-12,Kg,50,55,52.5,Tomato
2020-09-13,Kg,50,60,55.0,Tomato
2020-09-14,Kg,70,75,72.5,Tomato
2020-09-15,Kg,75,80,77.5,Tomato
2020-09-16,Kg,75,80,77.5,Tomato
2020-09-17,Kg,90,100,95.0,Tomato
2020-09-18,Kg,95,100,97.5,Tomato
2020-09-19,Kg,80,85,82.5,Tomato
2020-09-20,Kg,85,90,87.5,Tomato
2020-09-21,Kg,80,85,82.5,Tomato
2020-09-22,Kg,80,90,85.0,Tomato
2020-09-23,Kg,80,85,82.5,Tomato
2020-09-24,Kg,80,85,82.5,Tomato
2020-09-25,Kg,85,90,87.5,Tomato
2020-09-26,Kg,75,80,77.5,Tomato
2020-09-27,Kg,65,70,67.5,Tomato
2020-09-28,Kg,75,85,80.0,Tomato
2020-09-29,Kg,90,95,92.5,Tomato
2020-09-30,Kg,70,75,72.5,Tomato
2020-10-01,Kg,60,65,62.5,Tomato
2020-10-02,Kg,45,50,47.5,Tomato
2020-10-03,Kg,45,50,47.5,Tomato
2020-10-04,Kg,45,50,47.5,Tomato
2020-10-05,Kg,35,40,37.5,Tomato
2020-10-06,Kg,35,40,37.5,Tomato
2020-10-07,Kg,35,40,37.5,Tomato
2020-10-08,Kg,35,40,37.5,Tomato
2020-10-09,Kg,40,45,42.5,Tomato
2020-10-10,Kg,40,45,42.5,Tomato
2020-10-11,Kg,45,50,47.5,Tomato
2020-10-12,Kg,65,70,67.5,Tomato
2020-10-13,Kg,75,80,77.5,Tomato
2020-10-14,Kg,60,70,65.0,Tomato
2020-10-15,Kg,55,60,57.5,Tomato
2020-10-16,Kg,65,70,67.5,Tomato
2020-10-17,Kg,60,70,65.0,Tomato
2020-10-18,Kg,60,65,62.5,Tomato
2020-10-19,Kg,55,60,57.5,Tomato
2020-10-20,Kg,60,65,62.5,Tomato
2020-10-21,Kg,70,80,75.0,Tomato
2020-10-22,Kg,75,85,80.0,Tomato
2020-10-23,Kg,70,80,75.0,Tomato
2020-10-24,Kg,75,85,80.0,Tomato
2020-10-25,Kg,100,115,107.5,Tomato
2020-10-26,Kg,90,100,95.0,Tomato
2020-10-27,Kg,70,80,75.0,Tomato
2020-10-28,Kg,60,65,62.5,Tomato
2020-10-29,Kg,45,55,50.0,Tomato
2020-10-30,Kg,45,50,47.5,Tomato
2020-10-31,Kg,50,55,52.5,Tomato
2020-11-01,Kg,55,60,57.5,Tomato
2020-11-02,Kg,45,55,50.0,Tomato
2020-11-03,Kg,42,50,46.0,Tomato
2020-11-04,Kg,55,62,58.5,Tomato
2020-11-05,Kg,50,55,52.5,Tomato
2020-11-06,Kg,42,50,46.0,Tomato
2020-11-07,Kg,40,45,42.5,Tomato
2020-11-08,Kg,35,40,37.5,Tomato
2020-11-09,Kg,38,45,41.5,Tomato
2020-11-10,Kg,35,42,38.5,Tomato
2020-11-11,Kg,40,45,42.5,Tomato
2020-11-12,Kg,42,50,46.0,Tomato
2020-11-13,Kg,40,45,42.5,Tomato
2020-11-14,Kg,35,40,37.5,Tomato
2020-11-15,Kg,35,40,37.5,Tomato
2020-11-16,Kg,40,50,45.0,Tomato
2020-11-17,Kg,45,50,47.5,Tomato
2020-11-18,Kg,50,60,55.0,Tomato
2020-11-19,Kg,50,55,52.5,Tomato
2020-11-20,Kg,40,45,42.5,Tomato
2020-11-21,Kg,35,40,37.5,Tomato
2020-11-22,Kg,30,40,35.0,Tomato
2020-11-23,Kg,40,45,42.5,Tomato
2020-11-24,Kg,40,45,42.5,Tomato
2020-11-25,Kg,40,50,45.0,Tomato
2020-11-26,Kg,40,50,45.0,Tomato
2020-11-27,Kg,45,55,50.0,Tomato
2020-11-28,Kg,45,52,48.5,Tomato
2020-11-29,Kg,35,40,37.5,Tomato
2020-11-30,Kg,40,45,42.5,Tomato
2020-12-01,Kg,45,55,50.0,Tomato
2020-12-02,Kg,48,55,51.5,Tomato
2020-12-03,Kg,50,55,52.5,Tomato
2020-12-04,Kg,45,55,50.0,Tomato
2020-12-05,Kg,45,55,50.0,Tomato
2020-12-06,Kg,45,50,47.5,Tomato
2020-12-07,Kg,45,55,50.0,Tomato
2020-12-08,Kg,45,55,50.0,Tomato
2020-12-09,Kg,50,55,52.5,Tomato
2020-12-10,Kg,55,65,60.0,Tomato
2020-12-11,Kg,45,52,48.5,Tomato
2020-12-12,Kg,50,55,52.5,Tomato
2020-12-13,Kg,40,50,45.0,Tomato
2020-12-14,Kg,35,45,40.0,Tomato
2020-12-15,Kg,35,45,40.0,Tomato
2020-12-16,Kg,35,40,37.5,Tomato
2020-12-17,Kg,30,40,35.0,Tomato
2020-12-18,Kg,30,40,35.0,Tomato
2020-12-19,Kg,40,50,45.0,Tomato
2020-12-20,Kg,40,50,45.0,Tomato
2020-12-21,Kg,35,45,40.0,Tomato
2020-12-22,Kg,40,50,45.0,Tomato
2020-12-23,Kg,35,45,40.0,Tomato
2020-12-24,Kg,45,55,50.0,Tomato
2020-12-25,Kg,40,50,45.0,Tomato
2020-12-26,Kg,45,55,50.0,Tomato
2020-12-27,Kg,45,55,50.0,Tomato
2020-12-28,Kg,50,55,52.5,Tomato
2020-12-29,Kg,45,50,47.5,Tomato
2020-12-30,Kg,45,50,47.5,Tomato
2020-12-31,Kg,40,45,42.5,Tomato
2021-01-01,Kg,40,45,42.5,Tomato
2021-01-02,Kg,30,40,35.0,Tomato
2021-01-03,Kg,35,40,37.5,Tomato
2021-01-04,Kg,30,40,35.0,Tomato
2021-01-05,Kg,30,35,32.5,Tomato
2021-01-06,Kg,35,45,40.0,Tomato
2021-01-07,Kg,30,40,35.0,Tomato
2021-01-08,Kg,25,35,30.0,Tomato
2021-01-09,Kg,15,25,20.0,Tomato
2021-01-10,Kg,10,15,12.5,Tomato
2021-01-11,Kg,12,18,15.0,Tomato
2021-01-12,Kg,15,25,20.0,Tomato
2021-01-13,Kg,15,25,20.0,Tomato
2021-01-14,Kg,15,20,17.5,Tomato
2021-01-15,Kg,15,20,17.5,Tomato
2021-01-16,Kg,20,30,25.0,Tomato
2021-01-17,Kg,15,20,17.5,Tomato
2021-01-18,Kg,15,20,17.5,Tomato
2021-01-19,Kg,12,18,15.0,Tomato
2021-01-20,Kg,12,18,15.0,Tomato
2021-01-21,Kg,10,20,15.0,Tomato
2021-01-22,Kg,10,20,15.0,Tomato
2021-01-23,Kg,10,20,15.0,Tomato
2021-01-24,Kg,15,20,17.5,Tomato
2021-01-25,Kg,14,18,16.0,Tomato
2021-01-26,Kg,18,22,20.0,Tomato
2021-01-27,Kg,20,25,22.5,Tomato
2021-01-28,Kg,20,25,22.5,Tomato
2021-01-29,Kg,12,20,16.0,Tomato
2021-01-30,Kg,15,20,17.5,Tomato
2021-01-31,Kg,15,20,17.5,Tomato
2021-02-01,Kg,15,20,17.5,Tomato
2021-02-02,Kg,12,20,16.0,Tomato
2021-02-03,Kg,15,20,17.5,Tomato
2021-02-06,Kg,15,20,17.5,Tomato
2021-02-07,Kg,15,20,17.5,Tomato
2021-02-08,Kg,15,20,17.5,Tomato
2021-02-09,Kg,12,20,16.0,Tomato
2021-02-10,Kg,15,20,17.5,Tomato
2021-02-11,Kg,15,25,20.0,Tomato
2021-02-12,Kg,12,16,14.0,Tomato
2021-02-13,Kg,12,20,16.0,Tomato
2021-02-14,Kg,15,20,17.5,Tomato
2021-02-15,Kg,15,20,17.5,Tomato
2021-02-16,Kg,15,20,17.5,Tomato
2021-02-17,Kg,15,20,17.5,Tomato
2021-02-18,Kg,15,20,17.5,Tomato
2021-02-19,Kg,10,15,12.5,Tomato
2021-02-20,Kg,8,15,11.5,Tomato
2021-02-21,Kg,8,15,11.5,Tomato
2021-02-22,Kg,10,15,12.5,Tomato
2021-02-23,Kg,10,15,12.5,Tomato
2021-02-24,Kg,15,20,17.5,Tomato
2021-02-25,Kg,15,20,17.5,Tomato
2021-02-26,Kg,15,20,17.5,Tomato
2021-02-27,Kg,15,20,17.5,Tomato
2021-02-28,Kg,15,20,17.5,Tomato
2021-03-01,Kg,8,12,10.0,Tomato
2021-03-02,Kg,10,15,12.5,Tomato
2021-03-03,Kg,10,15,12.5,Tomato
2021-03-05,Kg,12,15,13.5,Tomato
2021-03-06,Kg,15,20,17.5,Tomato
2021-03-07,Kg,15,20,17.5,Tomato
2021-03-08,Kg,10,15,12.5,Tomato
2021-03-09,Kg,10,15,12.5,Tomato
2021-03-10,Kg,20,25,22.5,Tomato
2021-03-11,Kg,20,25,22.5,Tomato
2021-03-12,Kg,20,25,22.5,Tomato
2021-03-13,Kg,15,20,17.5,Tomato
2021-03-14,Kg,20,25,22.5,Tomato
2021-03-15,Kg,25,30,27.5,Tomato
2021-03-16,Kg,25,30,27.5,Tomato
2021-03-17,Kg,15,20,17.5,Tomato
2021-03-18,Kg,15,20,17.5,Tomato
2021-03-19,Kg,25,30,27.5,Tomato
2021-03-20,Kg,20,25,22.5,Tomato
2021-03-21,Kg,20,25,22.5,Tomato
2021-03-22,Kg,40,50,45.0,Tomato
2021-03-23,Kg,40,50,45.0,Tomato
2021-03-24,Kg,40,50,45.0,Tomato
2021-03-25,Kg,30,40,35.0,Tomato
2021-03-26,Kg,30,40,35.0,Tomato
2021-03-27,Kg,40,50,45.0,Tomato
2021-03-28,Kg,40,50,45.0,Tomato
2021-03-29,Kg,45,50,47.5,Tomato
2021-03-30,Kg,45,50,47.5,Tomato
2021-03-31,Kg,45,50,47.5,Tomato
2021-04-01,Kg,30,40,35.0,Tomato
2021-04-02,Kg,30,40,35.0,Tomato
2021-04-03,Kg,35,45,40.0,Tomato
2021-04-04,Kg,45,50,47.5,Tomato
2021-04-05,Kg,30,40,35.0,Tomato
2021-04-06,Kg,30,35,32.5,Tomato
2021-04-07,Kg,30,40,35.0,Tomato
2021-04-08,Kg,30,40,35.0,Tomato
2021-04-09,Kg,30,40,35.0,Tomato
2021-04-10,Kg,30,40,35.0,Tomato
2021-04-11,Kg,25,35,30.0,Tomato
2021-04-12,Kg,25,35,30.0,Tomato
2021-04-13,Kg,20,25,22.5,Tomato
2021-04-14,Kg,20,25,22.5,Tomato
2021-04-15,Kg,15,20,17.5,Tomato
2021-04-16,Kg,15,20,17.5,Tomato
2021-04-17,Kg,12,16,14.0,Tomato
2021-04-18,Kg,15,20,17.5,Tomato
2021-04-19,Kg,10,15,12.5,Tomato
2021-04-20,Kg,10,15,12.5,Tomato
2021-04-21,Kg,15,20,17.5,Tomato
2021-04-22,Kg,10,15,12.5,Tomato
2021-04-23,Kg,14,18,16.0,Tomato
2021-04-24,Kg,10,15,12.5,Tomato
2021-04-25,Kg,15,20,17.5,Tomato
2021-04-26,Kg,10,15,12.5,Tomato
2021-04-27,Kg,10,15,12.5,Tomato
2021-04-28,Kg,15,20,17.5,Tomato
2021-04-29,Kg,30,40,35.0,Tomato
2021-04-30,Kg,20,25,22.5,Tomato
2021-05-01,Kg,20,25,22.5,Tomato
2021-05-02,Kg,25,30,27.5,Tomato
2021-05-03,Kg,15,20,17.5,Tomato
2021-05-04,Kg,10,15,12.5,Tomato
2021-05-05,Kg,10,15,12.5,Tomato
2021-05-06,Kg,10,15,12.5,Tomato
2021-05-07,Kg,15,20,17.5,Tomato
2021-05-08,Kg,10,15,12.5,Tomato
2021-05-09,Kg,10,15,12.5,Tomato
2021-05-10,Kg,10,15,12.5,Tomato
2021-05-11,Kg,10,15,12.5,Tomato
2021-05-12,Kg,30,35,32.5,Tomato
2021-05-13,Kg,35,40,37.5,Tomato
